ALRAI SECTOR,-38.6,68.3,23.4,70,Open,LM,61,40,,,ALRAI,representative,
ANTLIAE SECTOR,175.9,29.2,65.9,70,Open,LM,349,42,,,IOTA ANTLIAE,exact,
AQUILA DARK REGION,-719.2,694.6,-17.5,100,Open,DN,78,171,,AQUILA DARK REGION,,none,
ARIES DARK REGION,-93.6,-257.1,-184.5,100,Open,DN,201,147,,ARIES DARK REGION,,none,
ARIETIS SECTOR,-72.2,-135.4,-76.8,80,Open,LM,194,56,,,39 ARIETIS,exact,
B133 SECTOR,-474.2,873.3,-111.5,100,Open,DN,58,130,,B133,,none,
B352 SECTOR,-1896.4,116,9.9,100,Open,DN,117,138,,B352,,none,
B92 SECTOR,-142.9,634.1,-6.8,100,Open,DN,38,165,,B92,,none,
BARNARD'S LOOP SECTOR,726.5,-1377.9,-365.4,100,Open,NB,261,151,,BARNARD'S LOOP,,none,
BEI DOU SECTOR,-33.6,-20.6,72.5,40,Open,LM,159,5,,,ALIOTH,exact,
BLANCO 1 SECTOR,-42.3,157.8,-864.7,231,Open,OC,42,386,,,CD-30 19812,representative,
BLEIA1,-43,37500,155,512,Permit-locked.,AP,3,443,,,,none,
BLEIA2,-43,37000,155,512,Permit-locked.,AP,4,444,,,,none,
BLEIA3,-43,36500,155,512,Permit-locked.,AP,5,445,,,,,
BLEIA4,450,37000,155,512,Permit-locked.,AP,464,446,,,,none,
BLEIA5,-450,37000,155,512,Permit-locked.,AP,8,447,,,,,
BLINKING SECTOR,-1938.1,217.4,443.1,100,Open,PN,113,255,,BLINKING NEBULA,BD+50 2869,exact,
BLUE FLASH SECTOR,-2599.5,1411.4,500.3,100,Open,PN,91,264,,BLUE FLASH NEBULA,CSI+19-20201,exact,
BLUE PLANETARY SECTOR,4527.3,2082.3,409.7,100,Open,PN,382,210,,BLUE PLANETARY NEBULA,GCRV 715,exact,
BLUE SNOWBALL,-5024.1,-1497.7,-1663,100,Not found,PN,141,275,,BLUE SNOWBALL NEBULA,BD+41 4773,exact,
BOVOMIT,-20070,-6930,90,512,Permit-locked.,AP,144,448,,,,,
BOW-TIE SECTOR,-2986,-1723.9,601.8,100,Open,PN,157,179,,BOW-TIE NEBULA,NGC 40 STAR,exact,
BOX SECTOR,-1759.3,10292.4,2758.8,100,Not found,PN,34,228,,BOX NEBULA,CSI-12-17112,exact,
BUBBLE SECTOR,-6573.6,-2682.7,24.8,100,Open,NB,151,146,,BUBBLE NEBULA,,none,
BUG SECTOR,619.5,3342.5,65.3,100,Open,PN,449,227,,BUG NEBULA,CD-36 11341,exact,
BUTTERFLY SECTOR,1747.2,-2431.4,188.4,100,Open,PN,273,190,,BUTTERFLY NEBULA,V651 MONOCEROTIS,exact,
CALIFORNIA SECTOR,-332.6,-918.7,-213,100,Open,NX,202,96,,CALIFORNIA NEBULA,,none,
CAPRICORNI SECTOR,-58.4,107.3,-119.8,60,Open,LM,59,35,,,B CAPRICORNI,exact,
CAT'S EYE,-2809.6,-320.1,1626.1,100,Not found,PN,132,234,,CAT'S EYE NEBULA,BD+66 1066,representative,
CAT'S PAW SECTOR,850.9,5433.5,57.6,100,Open,NB,450,124,,CAT'S PAW NEBULA,,none,
CAVE SECTOR,-2250.1,-827.9,108.9,100,Open,NB,147,144,,CAVE NEBULA,,none,
CEPHEI SECTOR,-108,-42.2,30.1,50,Open,LM,149,17,,,16 CEPHEI,exact,
CEPHEUS DARK REGION,-1373.5,-120.2,243.1,100,Open,DN,128,173,,CEPHEUS DARK REGION,HD 239486,representative,
CEPHEUS DARK REGION B SECTOR,-945.4,-218.3,241.9,100,Open,DN,138,174,,CEPHEUS DARK REGION B,,none,
CETI SECTOR,-14.1,-32.5,-116.9,70,Open,LM,199,43,,,47 CETI,exact,
CHAMAELEON SECTOR,483.3,302,-152.7,100,Open,DN,392,157,,CHAMAELEON,HR 4804,representative,
CHI PERSEI SECTOR,-5389.3,-5408.1,-480.3,401,Open,OC,179,428,,,TYC 3694-1799-1,representative,
COALSACK DARK REGION,450.3,260,-9.1,100,Open,DN,387,158,,COALSACK DARK REGION,,none,
COALSACK SECTOR,418.9,273.1,-0.9,100,Open,DN,393,156,,COALSACK,HIP 62270,representative,
COCOON SECTOR,-3175.9,-244.4,-306.7,100,Open,NB,127,143,,COCOON NEBULA,V1577 CYGNI,representative,
COL 107 SECTOR,2591.4,-5042.4,-89.1,578,Open,OS,259,462,,,,none,
COL 121 SECTOR,1246.8,-860.1,-278,459,Permit-locked.,OS,299,433,,,,none,
COL 132 SECTOR,1356,-690.9,-235.6,426,Open,OC,306,431,,,IRAS 07115-3102,representative,
COL 135 SECTOR,942.3,-365.5,-198.3,150,Open,OS,317,333,,,,none,
COL 140 SECTOR,1186.9,-548.4,-181.4,162,Open,OC,312,343,,,NO CANIS MAJOR,representative,
COL 173 SECTOR,1341.1,-202.8,-193,500,Open,OC,328,436,,,HD 67314,representative,
COL 228 SECTOR,6846.6,2158.7,-125.3,293,Open,OC,365,408,,,V724 CARINAE,representative,
COL 240 SECTOR,4805,1825.2,17.9,374,Open,OS,373,425,,,,none,
COL 285 SECTOR,-53.5,-19.4,56.3,326,Open,OC,146,414,,,LTT 14542,representative,
COL 359 SECTOR,-393,686.2,175.3,566,Open,OC,62,461,,,CSI+59 68 3,representative,
COL 394 SECTOR,-566.9,2145.5,-371.4,144,Open,OS,41,330,,,,none,
COL 463 SECTOR,-1793.7,-1371.4,381.9,200,Open,OC,168,373,,,BD+71 100,representative,
COL 69 SECTOR,366.9,-1359.9,-299.4,300,Open,OC,239,409,,,CSI+10-04453,representative,
COL 70 SECTOR,508.7,-1090.9,-372.6,514,Permit-locked.,OS,249,458,,,,none,
COL 89 SECTOR,603.5,-4187.9,273.6,593,Open,OS,234,463,,,,none,
COL 97 SECTOR,878.9,-1850.9,-64.4,250,Permit-locked.,OS,251,397,,,,none,
CONE SECTOR,855.4,-2025.1,84.5,100,Open,NB,243,114,,CONE NEBULA,LP MONOCEROTIS,representative,
CORE SYS SECTOR,0,0,0,50,Open,LM,0,21,,,SOL,exact,
CORONA AUSTR. DARK REGION,-8.5,488.6,-177.9,100,Open,DN,9,170,,CORONA AUSTR. DARK REGION,,none,
CRAB SECTOR,558.5,-6941.7,-707.4,100,Open,PN,228,102,,CRAB NEBULA,CRAB PULSAR,exact,
CRESCENT SECTOR,-4836.5,1250.8,209.4,100,Open,NB,104,134,,CRESCENT NEBULA,,none,
CRUCIS SECTOR,75.9,44.8,8.3,60,Open,LM,388,31,,,GACRUX,exact,
DRYMAN,19100,21160,20,512,Permit-locked.,AP,410,449,,,,none,
DUMBBELL SECTOR,-958.2,535.5,-71,100,Open,PN,90,257,,DUMBBELL NEBULA,BD+22 3878,exact,
EAGLE SECTOR,-2046.4,6693.5,97.7,100,Open,NB,48,128,,EAGLE NEBULA,OJV2009 J181843.40-134706.36,representative,
EIGHT BURST SECTOR,2049.6,75.2,450.9,100,Open,PN,342,202,,EIGHT BURST NEBULA,CD-39 6137,exact,
ELEPHANT'S TRUNK SECTOR,-2659,-435.4,174.2,100,Open,NB,134,142,,ELEPHANT'S TRUNK NEBULA,GM CEPHEI,representative,
ESKIMO SECTOR,234.6,-726.4,239.2,100,Open,PN,242,192,,ESKIMO NEBULA,GCRV 4981,exact,
ETA CARINA SECTOR,8582.4,2706,-141.4,100,Open,NB,364,120,,ETA CARINA NEBULA,,none,
FE 1 SECTOR,3552,1292.8,26.4,275,Open,OC,369,406,,,HD 96670,representative,
FETUS SECTOR,-2881.6,-171.2,278,100,Open,PN,125,265,,FETUS NEBULA,LAN 111,exact,
FINE RING SECTOR,513.2,857.5,34.9,100,Open,PN,419,221,,FINE RING NEBULA,SHAPLEY 1,exact,
FLAME SECTOR,428.3,-859,-280.7,100,Open,NB,255,107,,FLAME NEBULA,,none,
FLAMING STAR SECTOR,-233.5,-1682.5,-68.2,100,Open,NB,215,100,,FLAMING STAR NEBULA,,none,
FROADIK,-18860,14300,-200,512,Permit-locked.,AP,80,450,,,,,
G2 DUST CLOUD SECTOR,27.1,27900,-22.5,100,Open,NB,465,276,,G2 DUST CLOUD,,none,
GHOST OF JUPITER SECTOR,1171.7,-183.5,744,100,Open,PN,327,206,,GHOST OF JUPITER,BD-17 3140,exact,
H PERSEI SECTOR,-4817.5,-4750.7,-437.5,355,Open,OC,176,423,,,BD+56 521,representative,
HEART SECTOR,-5321.1,-5284.1,117.8,100,Open,NB,178,91,,HEART NEBULA,,none,
HELIX SECTOR,-222.9,304.5,-583.3,100,Open,PN,67,273,,HELIX NEBULA,CSI-21-22270,representative,
HERCULIS SECTOR,-73,38.5,70.6,50,Open,LM,92,20,,,ETA HERCULIS,exact,
HIND SECTOR,-33,-557.3,-206.4,100,Open,PN,223,98,,HIND NEBULA,T TAURI,exact,
HORSEHEAD DARK REGION,608.5,-1194.2,-404.6,200,Permit-locked.,DN,258,375,,HORSEHEAD DARK REGION,,none,
HORSEHEAD SECTOR,411.7,-811.5,-273,100,Open,NB,257,108,,HORSEHEAD NEBULA,,none,
HUBBLE'S VARIABLE SECTOR,1210.3,-2744.2,68.1,100,Open,PN,246,113,,HUBBLE'S VARIABLE NEBULA,R MONOCEROTIS,exact,
HYADES SECTOR,0,-138.9,-56.7,144,Open,OC,1,328,,,HIP 20605,representative,
HYDRAE SECTOR,77.6,69.5,84.1,60,Open,LM,401,32,,,46 GAMMA HYDRAE,exact,
HYPONIA,-23020,24080,-10,512,Permit-locked.,AP,76,451,,,,none,
IC 1287 SECTOR,-358.4,933.5,-8.7,100,Open,PN,50,131,,IC 1287,MAMMON,exact,
IC 1297,215.1,7249.1,-2871.4,100,Not found,PN,460,249,,IC 1297,CD-39 13207,exact,not in edsm?
IC 1396 SECTOR,-2678.7,-438.6,175.5,500,Open,OC,135,438,,,IRAS 21436-4748,representative,
IC 1590 SECTOR,-7985.2,-5205.5,-1052.4,558,Open,OS,163,460,,,,none,not in edsm?
IC 1805 SECTOR,-4370.9,-4325.3,96.6,358,Open,OC,177,424,,,HD 15558,representative,
IC 1848 SECTOR,-4436.2,-4790.7,102.6,342,Open,OS,182,419,was swapped with NGC 752,,,none,
IC 2149 SECTOR,-1688.7,-6875.1,1312.1,100,Open,PN,209,188,,IC 2149,BD+46 1067,exact,
IC 2165 SECTOR,9024.5,-10272.3,-3006.3,100,Open,PN,276,189,,IC 2165,BD-12 1453,exact,not in edsm?
IC 2391 SECTOR,565.9,4,-68.5,100,Open,OC,340,85,,,V376 VELORUM,representative,
IC 2395 SECTOR,2290.9,-136.1,-152.4,114,Open,OC,336,299,,,CPD-47 2535,representative,
IC 2448,8457.8,2393.3,-2355.3,100,Not found,PN,358,196,,IC 2448,GCRV 5996,exact,not in edsm?
IC 2488 SECTOR,3655,500.7,-283.9,194,Open,OC,347,370,,,IC 2488 CPL 11,vague,
IC 2501,18754.1,3645.4,-1906.9,100,Not found,PN,351,201,,IC 2501,CD-59 2483,exact,not in edsm?
IC 2553 SECTOR,12855.3,3565.1,-1261.1,100,Open,PN,357,203,,IC 2553,GCRV 6432,exact,
IC 2581 SECTOR,7722.3,2011.5,0,117,Open,OS,355,305,,,,none,
IC 2602 SECTOR,497.5,177.1,-45.3,155,Open,OC,367,339,,,HD 93517,representative,
IC 2621 SECTOR,14361,5685.9,-1297,150,Open,PN,376,207,,IC 2621,GCRV 6807,Corrected,
IC 289 SECTOR,-1118.4,-1277.6,83,100,Open,PN,186,182,,IC 289,NSV 1056,exact,
IC 2944 SECTOR,5317.4,2434.5,-142.9,613,Open,OC,381,465,,,CPD-62 2198,representative,
IC 348 SECTOR,-402.7,-1130.8,-383.1,26,Open,OS,203,0,,,,none,
IC 410 SECTOR,-1225.6,-10926.1,-345.5,150,Open,OS,217,334,,,,none,"Check what type this is, not in edsm."
IC 4191 SECTOR,11811.6,8148.3,-1205,100,Open,PN,395,213,,IC 4191,GCRV 7815,exact,
IC 4604 SECTOR,62.7,568.1,182.4,100,Open,NB,453,162,,IC 4604,,none,
IC 4634 SECTOR,-51.2,7330.4,1584.9,100,Open,PN,6,226,,IC 4634,BD-21 4483,exact,
IC 4651 SECTOR,977.7,2701,-398.6,85,Open,OC,434,63,,,TYC 8349-3739-1,representative,
IC 4663 SECTOR,1523.7,6250.5,-927.1,100,Open,PN,444,232,,IC 4663,CSI-44-17417,exact,
IC 4665 SECTOR,-559.5,946.1,338.1,235,Open,OC,63,392,,,V2321 OPHIUCHII,representative,
IC 4673 SECTOR,-840.7,13361.8,-561.1,100,Permit-locked.,PN,23,235,,IC 4673,HEN 2-333,exact,
IC 4699,4137.4,19464.8,-4924.7,100,Not found,PN,447,241,,IC 4699,CSI-46-18148,exact,
IC 4756 SECTOR,-933.7,1266.5,143.2,184,Open,OC,68,358,,,BD+05 3858,representative,
IC 4776 SECTOR,-855.5,23330.9,-5561.9,100,Open,PN,18,244,,IC 4776,CD-33 13537,exact,
IC 4846,-11325.5,21663.6,-4178.5,100,Not found,PN,57,248,,IC 4846,BD-09 5069,exact,
IC 4996 SECTOR,-5466.1,1423.8,128.2,83,Open,OC,103,62,,,HIP 99898,representative,
IC 4997 SECTOR,-6681.4,4126.5,-1526.5,100,Open,PN,84,263,,IC 4997,CSI+16-20178,exact,
IC 5117 SECTOR,-2988.1,5.2,-266.7,100,Open,PN,121,270,,IC 5117,CSI+44-21305,exact,
IC 5146 SECTOR,-2759,-212.3,-266.5,73,Open,OC,126,46,,,TYC 3608-1776-1,representative,
IC 5148,-86.2,1828.4,-2376.9,100,Not found,PN,20,271,,IC 5148,IRAS 21565-3937,exact,
IC 5217 SECTOR,-9198.6,-1721.5,-884.6,100,Open,PN,136,272,,IC 5217,CSI+50-22218,exact,
ICZ,60,55,-120,100,Open,LM,403,6,,,SIGURD,representative,
IRIS SECTOR,-1410.4,-354.3,368,100,Open,NB,140,141,,IRIS NEBULA,PW CEPHEI,representative,
JASTREB SECTOR,-12.5,-40.8,3.8,50,Open,LM,206,16,,,CAPELLA,exact,
JELLYFISH SECTOR,789.8,-4930.7,253,100,Open,NB,235,111,,JELLYFISH NEBULA,,none,
JEWEL BOX SECTOR,5383.6,3523,280.9,188,Open,OC,394,361,,,CPD-59 4552,representative,
LAGOON SECTOR,-470.3,4474.4,-94.2,100,Open,NB,25,127,,LAGOON NEBULA,HERSCHEL 36,representative,
LBN 623 SECTOR,-499.5,-331.9,-18.8,100,Open,NB,165,90,,LBN 623,,none,
LEMON SLICE,-3085.4,-2057.7,2548.8,100,Not found,PN,166,212,,LEMON SLICE NEBULA,BD+83 357,exact,
LITTLE DUMBBELL SECTOR,-1560.7,-1351.9,-382.7,100,Open,PN,173,181,,LITTLE DUMBBELL NEBULA,GCRV 950,exact,
LITTLE GEM SECTOR,-2493.9,5136.1,-1844.1,100,Open,PN,55,254,,LITTLE GEM NEBULA,BD-14 5523,exact,
LITTLE GHOST SECTOR,-204.1,4869.8,503.7,100,Open,PN,19,231,,LITTLE GHOST NEBULA,CD-23 13397,exact,
LUPUS DARK REGION,158.5,412.8,126.8,100,Open,DN,431,160,,LUPUS DARK REGION,HIP 77157,representative,
LUPUS DARK REGION B SECTOR,173.4,429.2,81.6,100,Open,DN,427,159,,LUPUS DARK REGION B,HIP 78756,representative,
LYNCIS SECTOR,-68.5,-141,65.1,70,Open,LM,197,41,,,8 LYNCIS,exact,
M103 SECTOR,-5639.4,-4406,-224.9,105,Open,OS,169,284,,,,none,
M16 SECTOR,-1666.4,5450.4,79.6,100,Open,OS,47,86,,,,none,
M17 SECTOR,-1104.4,4093.2,-59.2,309,Open,OS,43,411,,,,none,
M18 SECTOR,-1037.5,4100.1,-73.8,62,Open,OS,40,36,,,,none,
M20 SECTOR,-324.2,2640.2,-9.3,217,Open,OS,28,382,,,,none,
M21 SECTOR,-526.6,3894.5,-27.4,161,Open,OS,30,342,,,,none,
M23 SECTOR,-348.5,2017.5,103.7,179,Open,OC,35,354,,,HD 312417,representative,
M25 SECTOR,-473.5,1957.3,-158.5,177,Open,OC,39,353,,,BD-19 5038,representative,
M26 SECTOR,-2112.1,4766.3,-264.1,107,Open,OC,51,289,,,BD-09 4823,exact,
M29 SECTOR,-3642.5,847.6,39.2,109,Open,OS,106,295,,,,none,
M34 SECTOR,-931.6,-1263.6,-438.3,171,Open,OC,187,348,,,BD+42 610,representative,
M35 SECTOR,305.5,-2640.4,102.1,194,Open,OC,231,369,,,NGC 2168 SB 987,representative,
M36 SECTOR,-412.1,-4279.6,75,126,Open,OC,220,313,,,BD+34 1109,representative,
M37 SECTOR,-180.7,-4499.8,243.9,184,Open,OS,224,357,,,,none,
M38 SECTOR,-466.2,-3448.4,42.5,203,Open,OC,216,376,,,BD+35 1131,exact,
M39 SECTOR,-1058.1,-46.2,-42.5,93,Open,OS,123,71,,,,none,
M41 SECTOR,1731,-1396.8,-400.2,350,Permit-locked.,OC,293,422,,,HD 49317,representative,
M46 SECTOR,3516.4,-2757.2,320.3,261,Open,OC,296,403,,,BD-14 2146,representative,
M47 SECTOR,1241.6,-1005.4,86.5,117,Open,OC,292,302,,,BD-13 2119,representative,
M48 SECTOR,1795.5,-1622.4,666.5,220,Open,OC,285,383,,,BD-05 2433,representative,
M50 SECTOR,2015.2,-2261.8,-63.5,124,Open,OC,277,310,,,BD-08 1689,representative,
M52 SECTOR,-4268.1,-1794.2,32.3,203,Open,OC,152,377,,,KW97 68-30,representative,
M6 SECTOR,94.3,1587.1,-19.4,93,Open,OC,457,70,,,V970 SCORPII,representative,
M67,1466,-2047.7,1555.4,216,Not found,OC,272,381,,,BD+12 1919,representative,
M7 SECTOR,69.9,974.5,-76.9,229,Open,OC,456,385,,,HIP 87102,representative,
M93 SECTOR,2930.1,-1684.9,11.8,99,Open,OC,304,77,,,CD-23 6099,representative,
MEL 111 SECTOR,21.8,-24,308.3,109,Open,OC,278,294,,,BD+27 2130,representative,
MEL 22 SECTOR,-104.1,-437.1,-195.4,172,Open,OS,210,350,,,,none,
MEL 227 SECTOR,238.2,236.5,-198.5,57,Open,OS,406,28,,,,none,
MEL 71 SECTOR,7730.3,-6743.5,807.3,240,Open,OC,288,393,,,MELOTTE 71 MMU 180,representative,
MELOTTE 20,-346.9,-510.3,-92.9,1,Open,ST,0,0,,,MELOTTE 20 101,stars only,
MESSIER 78 SECTOR,665,-1400.6,-395.2,100,Open,NB,250,150,,MESSIER 78,,none,
MONKEY HEAD SECTOR,1133.3,-6298.7,44.7,100,Open,NB,238,110,,MONKEY HEAD NEBULA,,none,
MUSCA DARK REGION,415.9,249.9,-68.2,100,Open,DN,390,155,,MUSCA DARK REGION,HIP 60841,representative,
NGC 1027 SECTOR,-1756.3,-1806,66,147,Open,OC,180,332,,,BD+61 459,representative,
NGC 1039,-926.3,-1257.8,-440.5,1,Open,ST,0,0,,,NGC 1039 JP 179,stars only,M34 SECTOR
NGC 1245,-5101.3,-7736.6,-1451.2,246,Not found,OC,190,396,,,NGC 1245 342,representative,
NGC 129 SECTOR,-4571.6,-2671.5,-231.2,309,Open,OC,158,410,,,DL CAS,exact,
NGC 1333 SECTOR,-381.2,-957.9,-383.4,100,Open,OC,200,95,,,VOLKOV,representative,
NGC 1342 SECTOR,-884.2,-1896.1,-576.3,95,Open,OC,198,72,,,BD+36 715,exact,
NGC 1360 SECTOR,437.2,-513.8,-925.1,100,Open,PN,275,183,,NGC 1360,CD-26 1339,exact,
NGC 1444 SECTOR,-2065.7,-3318.6,-88.7,46,Open,OS,191,8,,,,none,not in edsm?
NGC 1491 SECTOR,-4908.3,-8710.8,-174.5,100,Open,NB,193,97,,NGC 1491,BD+50 886,representative,
NGC 1501 SECTOR,-2071.6,-2915,413.8,100,Open,PN,189,184,,NGC 1501,GCRV 2334,exact,
NGC 1502 SECTOR,-1572.3,-2140.4,359.1,63,Open,OC,188,37,,,NSV 15898,representative,
NGC 1514 SECTOR,-202.2,-807.4,-218.7,100,Open,PN,208,185,,NGC 1514,BD+30 623,exact,
NGC 1528 SECTOR,-1183.8,-2235.9,13.2,118,Open,OC,195,306,,,BD+50 960,representative,
NGC 1535 SECTOR,1422.9,-2853.9,-2733.2,100,Open,PN,256,186,,NGC 1535,BD-13 842,exact,not in edsm?
NGC 1545 SECTOR,-1038.8,-2074.4,8.1,122,Open,OC,196,309,,,BD+49 1161,representative,
NGC 1647 SECTOR,11.8,-1684.8,-508.7,205,Permit-locked.,OC,226,378,,,BD+18 708,representative,
NGC 1662 SECTOR,178.1,-1317.5,-513,83,Open,OC,232,59,,,BD+10 642,representative,
NGC 1664 SECTOR,-1227.7,-3712.2,-27.3,171,Open,OC,205,349,,,NGC 1664 MMU 55,representative,
NGC 1746 SECTOR,-35.2,-2014,-380.6,251,Open,OS,225,399,,,,none,
NGC 1778 SECTOR,-921.6,-4697.5,-167.2,98,Open,OC,213,76,,,NGC 1778 41,representative,
NGC 1817 SECTOR,665.5,-6227.2,-1457.4,281,Open,OC,229,407,,,BD+16 731,representative,not in edsm?
NGC 1857 SECTOR,-1246.4,-6071.8,140.7,109,Open,OC,212,293,,,NGC 1857 315,representative,
NGC 188,-5187.6,-3343.2,2556.3,331,Not found,OC,161,417,,,NGC 188 DGV 719,representative,
NGC 1893 SECTOR,-1192.2,-10628.6,-317.4,343,Open,OC,218,421,,,CSI+33-05203,representative,
NGC 1931 SECTOR,-743.8,-6960.3,36.7,100,Open,NB,219,101,,NGC 1931 NEBULA,,none,
NGC 1960,-408.7,-4289.8,80.8,1,Open,ST,0,0,,,NGC 1960 11,stars only,M36 SECTOR
NGC 1981 SECTOR,579,-1084.3,-423.2,106,Open,OC,262,287,,,V1102 ORIONIS,representative,
NGC 1999 SECTOR,549.4,-926.6,-374.5,100,Open,PN,266,106,,NGC 1999 NEBULA,V380 ORIONIS,exact,
NGC 2022 SECTOR,2934.6,-9781.6,-1966.6,100,Open,PN,241,187,,NGC 2022,GCRV 3533,exact,not in edsm?
NGC 2099,-169.7,-4104.4,223.2,1,Open,ST,0,0,,,NGC 2099 PPM 27,stars only,???
NGC 2129 SECTOR,567.8,-4907.3,8.6,72,Open,OS,230,44,,,,none,
NGC 2168,272.1,-2358.4,97.4,1,Open,ST,0,0,,,NGC 2168  BSB 5016,stars only,M35 SECTOR
NGC 2169 SECTOR,921.2,-3299.4,-173.5,50,Open,OC,240,22,,,NGC 2169 JON 33,representative,
NGC 2175 SECTOR,940.3,-5226,37.1,78,Open,OS,237,53,,,,none,
NGC 2232 SECTOR,655.2,-956.9,-154.7,154,Open,OC,269,337,,,BD-04 1513,representative,
NGC 2244 SECTOR,2093,-4216.2,-164.4,412,Open,OC,254,429,,,NGC 2244 CDZ 111,representative,
NGC 225 SECTOR,-1814.5,-1133.8,-41.1,100,Open,OS,160,84,,,,none,
NGC 2251 SECTOR,1733.5,-3967.8,7.6,126,Open,OC,245,314,,,NGC 2251 MMU 33,representative,
NGC 2264 SECTOR,851.2,-2005.2,83.7,510,Permit-locked.,OC,244,439,,,NSV 3128,representative,
NGC 2281 SECTOR,-151.6,-1732.9,535.2,133,Open,OC,221,319,,,BD+41 1511,representative,
NGC 2286 SECTOR,5456.4,-7706.3,-379.2,385,Permit-locked.,OC,271,426,,,NGC 2286 C 42,representative,
NGC 2301 SECTOR,1530.1,-2392.5,14.9,116,Open,OC,267,301,,,BD+00 1641,representative,
NGC 2323,2049.6,-2300.8,-66.2,1,Open,ST,0,0,,,NGC 2323 BSF 13,representative,M50 SECTOR
NGC 2324 SECTOR,2088.4,-3167.2,218.7,78,Open,OC,268,54,,,NGC 2324 MMU 850,representative,
NGC 2335 SECTOR,3185.2,-3344.8,-104.8,135,Open,OC,279,323,,,NGC 2335 MMU 9,representative,
NGC 2343 SECTOR,2402.1,-2461.5,-66,51,Open,OC,280,23,,,BD-10 1885,representative,
NGC 2345 SECTOR,5320,-5048.5,-294.6,257,Open,OC,283,401,,,BD-12 1805,representative,
NGC 2353 SECTOR,2567.3,-2594.4,25.5,192,Open,OC,282,366,,,BD-10 1927,representative,
NGC 2354 SECTOR,11248.3,-6920,-1574.8,500,Open,OC,303,435,,,CD-25 4255,representative,
NGC 2360 SECTOR,4695.9,-3968.4,-150.3,233,Open,OC,289,390,,,NGC 2360 MMU 134,representative,
NGC 2362 SECTOR,3826.8,-2382,-449.9,66,Open,OC,302,39,,,CPD-24 2217,representative,
NGC 2367 SECTOR,5384.4,-3686.8,-433.4,77,Open,OC,301,51,,,NGC 2367 10,representative,
NGC 2371/2 SECTOR,661.5,-4084,1497.7,100,Open,PN,236,191,,NGC 2371/2,GCRV 4925,representative,
NGC 2374 SECTOR,3581.4,-3179.7,83.6,210,Open,OC,287,380,,,BD-12 1943,representative,
NGC 2384 SECTOR,5674.7,-3914.7,-288.9,101,Open,OC,300,279,,,BD-20 1918,representative,
NGC 2395 SECTOR,674.5,-1473.3,404,64,Open,OS,248,38,,,,none,
NGC 2414 SECTOR,8802.4,-7026.8,393.3,164,Open,OS,294,345,,,,none,
NGC 2423 SECTOR,1925.3,-1587.1,157,88,Open,OC,290,64,,,HIP 37062,representative,
NGC 2437,3460,-2718.1,326.2,1,Open,ST,1,1,,,NGC 2437 AR 208,representative,M46 SECTOR
NGC 2438 SECTOR,2508.3,-1973.8,228.8,100,Open,PN,295,193,,NGC 2438,BD-14 2129,exact,
NGC 2439 SECTOR,11484.7,-5017.6,-964.4,330,Open,OC,314,416,,,CD-31 4902,representative,
NGC 2440 SECTOR,4653.6,-3282.8,238.7,100,Open,PN,298,194,,NGC 2440,FAUST 1521,exact,
NGC 2451A SECTOR,757.3,-240.2,-93.3,105,Open,OS,321,285,,,,none,
NGC 2452 SECTOR,9387.2,-4700.8,-183.2,100,Open,PN,309,195,,NGC 2452,GCRV 5190,exact,
NGC 2467 SECTOR,3941.6,-1999.7,30.9,193,Open,OC,307,367,,,NGC 2467 HG 33,representative,Huh?
NGC 2477 SECTOR,3808.1,-1120.8,-403.2,175,Open,OC,322,351,,,NGC 2477 MMU 8019,representative,
NGC 2482 SECTOR,3850.5,-2082,152.9,153,Open,OC,305,336,,,CD-23 6463,representative,
NGC 2483 SECTOR,4895,-2303.4,28.3,142,Open,OS,311,326,,,,none,
NGC 2489 SECTOR,11856,-5106,-180.2,263,Open,OC,315,404,,,CD-29 5182,representative,
NGC 2506 SECTOR,8599.2,-7063.5,1962.2,395,Open,OC,291,427,,,NGC 2506 MMU 1325,representative,
NGC 2516 SECTOR,1276.2,87,-364.4,117,Open,OC,343,303,,,CPD-60 9448,representative,
NGC 2527 SECTOR,1791,-793.6,65,58,Open,OC,313,29,,,CD-27 4950,representative,
NGC 2533 SECTOR,10182,-4155.2,249.6,160,Open,OC,316,340,,,V521 PUPPIS,representative,
NGC 2539 SECTOR,3519.3,-2585.2,856.7,117,Open,OC,297,304,,,BD-12 2378P,representative,not in edsm?
NGC 2546 SECTOR,2894.7,-781,-104.7,611,Open,OC,324,464,,,NGC 2546 AR 137,representative,
NGC 2547 SECTOR,1457.2,-137.8,-218.8,108,Open,OC,333,290,,,CPD-48 1523,representative,
NGC 2548,1733.9,-1563.6,640.4,1,Open,ST,0,0,,,NGC 2548 BJG 2768,stars only,M48 SECTOR
NGC 2567 SECTOR,5126.5,-1886.2,286.3,144,Open,OC,319,329,,,CD-30 6031,representative,
NGC 2571 SECTOR,4083.7,-1559.4,-275,102,Open,OC,318,281,,,CD-29 5941,representative,
NGC 2579 SECTOR,3250.5,-889.2,17.6,89,Open,OC,323,65,,,TYC 7134-2455-1,representative,
NGC 2627 SECTOR,6248.1,-2078.5,773.5,193,Open,OC,320,368,,,NGC 2627 MMU 1307,representative,
NGC 2632 SECTOR,221.5,-464.4,327.8,125,Open,OC,252,311,,,NSV 4211,representative,
NGC 2645 SECTOR,5410.7,-492.4,-275.2,48,Open,OS,334,10,,,,none,not in edsm?
NGC 2669 SECTOR,3389.2,41.4,-374.2,199,Open,OC,341,372,,,CD-52 2536,representative,R LEPORIS?
NGC 2670 SECTOR,3858.7,-168.5,-243,91,Open,OC,339,67,,,CD-48 4083,representative,
NGC 2682,1427.8,-1980.7,1519.7,1,Open,ST,0,0,,,NGC 2682 BBV 19,stars only,???
NGC 2792 SECTOR,8157.1,-599,586.3,100,Open,PN,335,197,,NGC 2792,CD-41 4893,exact,
NGC 281 SECTOR,-6661.3,-4342.4,-877.9,100,Open,NB,164,89,,NGC 281,BD+55 191,representative,
NGC 2818 SECTOR,8322.6,-1169.7,1271.1,100,Open,PN,329,198,,NGC 2818,HEN 2-23,exact,
NGC 2867 SECTOR,12208.2,1759.2,-1274.6,100,Open,PN,348,199,,NGC 2867,GCRV 6100,exact,
NGC 2899 SECTOR,6434.6,812.9,-430.8,100,Open,PN,346,200,,NGC 2899,GSC 8588-0317,exact,
NGC 2910 SECTOR,8461.8,785,-178,99,Open,OS,344,78,,,,none,not in edsm?
NGC 2925 SECTOR,2505.6,263.4,-52.8,74,Open,OC,345,47,,,HD 298537,representative,
NGC 3114 SECTOR,2884,681.7,-196.8,312,Open,OC,352,412,,,HD 87566,representative,
NGC 3195,4656.6,2331.8,-1895.5,100,Not found,PN,384,204,,NGC 3195,GSC 9409-1163,exact,not in edsm?
NGC 3199 SECTOR,14577.2,3526.6,-261.8,100,Open,NB,353,119,,NGC 3199,,none,
NGC 3211 SECTOR,8797.9,2572.7,-785.8,100,Open,PN,361,205,,NGC 3211,GCRV 6493,exact,
NGC 3228 SECTOR,1733,330.6,142,26,Open,OC,350,1,,,CD-51 4680,representative,
NGC 3247 SECTOR,4886.9,1272.9,-26.4,74,Open,OC,356,48,,,CPD-57 3199,representative,
NGC 3293 SECTOR,7299.6,2079.3,13.2,133,Open,OC,359,320,,,V379 CARINAE,representative,
NGC 3324 SECTOR,7259.8,2109.2,-26.4,264,Open,OS,360,405,,,,none,
NGC 3330 SECTOR,2824.6,714.7,193.5,43,Open,OS,354,7,,,,none,edsm only one dubious entry
NGC 3519 SECTOR,4392.2,1642.2,-90,82,Open,OS,371,58,,,,none,
NGC 3532 SECTOR,1497.4,533.2,41.6,232,Open,OC,368,387,,,HD 96445,representative,
NGC 3572 SECTOR,6089.7,2301.1,22.7,95,Open,OS,372,73,,,,none,
NGC 3590 SECTOR,5015.9,1945.5,-18.8,47,Open,OC,374,9,,,CPD-60 2666,representative,
NGC 3603 SECTOR,18594.8,7362.2,-174.5,100,Permit-locked.,OS,377,335,,,,Corrected,
NGC 3680 SECTOR,2802.9,846.2,889.5,107,Open,OC,362,288,,,CD-42 6977,representative,not in edsm?
NGC 3699 SECTOR,4150.4,1736.1,102.1,100,Open,PN,378,209,,NGC 3699,HEN 2-65,exact,
NGC 3766 SECTOR,5194,2323.4,0,83,Open,OC,379,60,,,CPD-60 3143,representative,
NGC 4103 SECTOR,4713.6,2464.2,111.4,93,Open,OC,385,69,,,CD-60 3984,representative,
NGC 4349 SECTOR,6160.5,3528.2,99.1,207,Open,OS,386,379,,,,none,
NGC 4361,3106.9,1389.8,3241.2,100,Not found,PN,380,211,,NGC 4361,BD-17 3614,exact,
NGC 4463 SECTOR,2938.9,1745,-119.4,512,Open,OC,389,440,,,HIP 60974,representative,
NGC 457 SECTOR,-6340.4,-4708.8,-593.8,461,Open,OC,167,434,,,NGC 457 124,representative,
NGC 4609 SECTOR,3387.4,2108.5,-7,512,Open,OC,391,442,,,CPD-62 2902,representative,
NGC 4755,5425,3550.4,288.4,1,Open,ST,0,0,,,NGC 4755 BK 132,stars only,JEWEL BOX SECTOR
NGC 5138 SECTOR,5131.3,3937.4,395.6,132,Open,OS,397,318,,,,none,
NGC 5281 SECTOR,2797.3,2281.5,-44.1,512,Open,OC,399,441,,,CPD-62 3557,representative,
NGC 5307 SECTOR,5879.4,5368.6,1490,100,Open,PN,402,215,,NGC 5307,CD-50 8073,exact,
NGC 5315 SECTOR,6499.6,5282.1,-644.4,100,Open,PN,398,216,,NGC 5315,CPD-65 2513,exact,
NGC 5316 SECTOR,3024.6,2556,6.9,250,Open,OC,400,398,,,HIP 67849,representative,
NGC 5367 SECTOR,1348.6,1421.2,756,100,Open,NB,408,122,,NGC 5367,,none,
NGC 5460 SECTOR,1503.6,1546.2,482.1,232,Open,OC,407,388,,,HD 123432,representative,
NGC 5606 SECTOR,4178.7,4149.7,102.8,52,Open,OC,405,24,,,NGC 5606 VBFP 129,representative,
NGC 5617 SECTOR,3554,3517,-8.7,146,Open,OC,404,331,,,CD-60 5219,representative,
NGC 5662 SECTOR,1479.9,1581.5,132.5,190,Open,OC,409,365,,,CPD-56 6333,representative,
NGC 581,-7005.6,-5490.2,-280.5,1,Open,ST,0,0,,,NGC 581 130,stars only,??? NGC 457 SECTOR
NGC 5822 SECTOR,1849.5,2341.9,187.7,314,Open,OC,413,413,,,CD-53 5827,representative,
NGC 5823 SECTOR,2435.2,3028.7,169.7,136,Open,OC,412,324,,,TYC 8685-136-1,representative,
NGC 5873,13791.8,25191.3,8671,100,Not found,PN,421,218,,NGC 5873,CD-37 10033,exact,not in edsm?
NGC 5882 SECTOR,4616.6,7331.1,1543.2,100,Open,PN,418,219,,NGC 5882,CD-45 9789,exact,
NGC 5979 SECTOR,5443,7119.2,-831.3,100,Open,PN,414,220,,NGC 5979,CSI-61-15434,exact,
NGC 6025 SECTOR,1426.5,1999.8,-258.2,101,Open,OC,415,280,,,CPD-60 6360,representative,
NGC 6058,-5472.9,2587.1,6794.4,100,Not found,PN,94,222,,NGC 6058,CSI+40-16027,exact,not in edsm?
NGC 6067 SECTOR,2322.2,3990,-177.4,189,Open,OC,420,362,,,V340 NORMAE,representative,
NGC 6087 SECTOR,1543.8,2451.5,-273.9,119,Open,OC,417,308,,,HD 146148,representative,
NGC 6124 SECTOR,546.2,1568.5,174.6,195,Open,OC,435,371,,,HD 147893,representative,
NGC 6125,,,,,Not found,,,,,,,"!!! listed in edsm, but does not exist",
NGC 6134 SECTOR,1264.1,2698.6,-10.4,53,Open,OC,423,25,,,TYC 8320-1338-1,representative,
NGC 6152 SECTOR,1528.4,2986.7,-181.7,245,Open,OS,422,395,,,,none,
NGC 6153 SECTOR,1670.2,5110,508.2,100,Open,PN,437,224,,NGC 6153,CD-39 10464,exact,
NGC 6167 SECTOR,1508.1,3278.9,-81.9,74,Open,OC,424,49,,,TYC 8333-1571-1,representative,
NGC 6169 SECTOR,1261.9,3357.3,156.6,105,Open,OS,432,286,,,,none,
NGC 6178 SECTOR,1218.2,3076.9,69.3,49,Open,OS,430,12,,,,none,
NGC 6188 SECTOR,1704.8,4055.5,-84.5,100,Open,NB,426,123,,NGC 6188,,none,
NGC 6193 SECTOR,1490.6,3461.2,-105.3,154,Open,OS,425,338,,,,none,
NGC 6200 SECTOR,2509.4,6211,-128.6,234,Open,OS,428,391,,,,none,
NGC 6208 SECTOR,1056.2,2855.2,-309.2,161,Open,OS,433,341,,,NGC 6208 MMU 124,none,
NGC 6210,-2861.4,3057.8,3248.4,100,Not found,PN,75,225,,NGC 6210,BD+24 3048,exact,not in edsm?
NGC 6231 SECTOR,1150,3882.4,84.8,165,Open,OC,440,346,,,CD-41 11037,representative,
NGC 6242 SECTOR,923.1,3569.3,154.5,97,Open,OS,443,75,,,,none,
NGC 6250 SECTOR,926.9,2661.8,-88.6,83,Open,OC,436,61,,,HD 125706,representative,
NGC 6259 SECTOR,1037.9,3194.5,-88,118,Open,OC,438,307,,,NGC 6259 MMU 2029,representative,
NGC 6281 SECTOR,329.5,1523.8,54.4,37,Open,OC,446,3,,,V948 SCORPII,representative,
NGC 6322 SECTOR,823.5,3139,-175.8,48,Open,OS,442,11,,,,none,
NGC 6326 SECTOR,4041.2,10103.8,-1606.9,100,Open,PN,429,229,,NGC 6326,CD-51 10820,exact,
NGC 6337 SECTOR,901.2,4815.5,-94.1,100,Open,PN,448,230,,NGC 6337,HEN 2-215,exact,
NGC 6357 SECTOR,964.8,8091.4,142.2,100,Open,NB,451,125,,NGC 6357,CL PISMIS 2,representative,
NGC 6383 SECTOR,235.1,3201.4,5.6,187,Open,OS,455,359,,,,none,
NGC 6416 SECTOR,126.6,2415.7,-67.6,99,Open,OC,458,79,,,TYC 7381-206-1,representative,
NGC 6425 SECTOR,96.7,2637.2,-73.7,77,Open,OC,459,52,,,CD-31 14532,representative,
NGC 6445 SECTOR,-632.6,4444.8,306.1,100,Open,PN,31,233,,NGC 6445,CSI-20-17462,exact,
NGC 6520 SECTOR,-259.7,5127.3,-251.1,90,Open,OC,21,66,,,CD-27 12315,representative,
NGC 6530 SECTOR,-461,4314.1,-106,177,Open,OC,26,352,,,CD-24 13810,representative,
NGC 654 SECTOR,-5168.3,-4200.2,-46.5,97,Open,OC,170,74,,,HD 10494,exact,
NGC 6546 SECTOR,-388.7,3034.3,-74.8,125,Open,OC,29,312,,,HD 165596,representative,
NGC 6563 SECTOR,80.5,3073.8,-393.9,100,Open,PN,461,238,,NGC 6563,CD-33 12935,exact,
NGC 6565 SECTOR,-359,5870,-473.2,100,Open,PN,22,237,,NGC 6565,CD-28 14266,exact,
NGC 6567 SECTOR,-851.6,4112.4,-51.3,100,Open,PN,37,240,,NGC 6567,CSI-19-18107,exact,
NGC 6572 SECTOR,-4334,6282.5,1608.4,100,Open,PN,65,239,,NGC 6572,BD+06 3649,exact,
NGC 659 SECTOR,-4882,-4010.1,-165.4,92,Open,OS,171,68,,,,none,
NGC 6604 SECTOR,-1735.6,5248,164.1,81,Open,OS,49,57,,,,none,
NGC 6611,-2042,6697.9,102.1,1,Open,ST,0,0,,,NGC 6611 GMD 1039,stars only,EAGLE SECTOR
NGC 6629 SECTOR,-1041.1,6289.1,-568.9,100,Open,PN,33,242,,NGC 6629,CD-23 14350,exact,
NGC 663 SECTOR,-4914.6,-4051.3,-100.1,260,Open,OS,172,402,,,,none,
NGC 6633 SECTOR,-717.3,983.7,175.4,72,Open,OC,66,45,,,BD+06 3796,representative,
NGC 6644 SECTOR,-1420,9616.3,-1245.2,100,Open,PN,32,243,,NGC 6644,CD-25 13223,exact,
NGC 6664 SECTOR,-1545.5,3471.3,-33.2,166,Open,OC,52,347,,,HIP 91239,exact,
NGC 6705 SECTOR,-2803.6,5431.8,-299,232,Open,OC,56,389,,,NSV 11402,representative,
NGC 6709 SECTOR,-2349.8,2591.5,287.6,143,Open,OC,73,327,,,BD+10 3697,exact,
NGC 6716 SECTOR,-672.9,2443,-428.6,100,Open,OS,46,87,,,,none,
NGC 6751 SECTOR,-3105.8,5557.1,-657.9,100,Open,PN,60,247,,NGC 6751,CSI-06-19031,exact,
NGC 6755 SECTOR,-2887.3,3616.8,-137.4,189,Open,OC,71,363,,,NGC 6755 MMU 31,representative,
NGC 6781 SECTOR,-3394.7,3796.7,-266.9,100,Open,PN,72,250,,NGC 6781,IRAS 19160+0626,exact,
NGC 6790 SECTOR,-2014.9,2588.3,-362.1,100,Open,PN,70,251,,NGC 6790,BD+01 3979,exact,
NGC 6803 SECTOR,-4117.2,3920.8,-407.5,100,Open,PN,79,252,,NGC 6803,CSI+09-19289,exact,
NGC 6804 SECTOR,-3573,3474.6,-401,100,Open,PN,77,253,,NGC 6804,CSI+09-19291,exact,
NGC 6811 SECTOR,-3810,706.1,816.6,162,Open,OC,110,344,,,BD+45 2930,representative,
NGC 6819 SECTOR,-7320.4,2099.1,1138.1,112,Open,OC,102,297,,,V2388 CYGNI,representative,
NGC 6820 SECTOR,-5577.4,3338,-11.3,100,Open,NB,85,133,,NGC 6820,,none,
NGC 6823 SECTOR,-5310.8,3140.8,-10.8,108,Open,OC,86,291,,,NGC 6823 ERI 93,representative,
NGC 6830 SECTOR,-4635.6,2665.6,-168,187,Open,OS,87,360,,,,none,
NGC 6834 SECTOR,-6141.5,2773,141.2,99,Open,OS,96,80,,,,none,
NGC 6842 SECTOR,-5476.7,2449.8,62.8,100,Open,PN,97,256,,NGC 6842,CSI+29-19529,exact,
NGC 6852 SECTOR,-3276.6,3563.3,-1251.9,100,Open,PN,74,258,,NGC 6852,IRAS 19581+0135,exact,
NGC 6866 SECTOR,-4616.6,864,560.1,138,Open,OC,109,325,,,BD+43 3464,representative,
NGC 6871 SECTOR,-4892,1533,188,448,Open,OC,100,432,,,HIP 99001,representative,
NGC 6879,-17024.1,10971.3,-3171.6,100,Not found,PN,83,260,,NGC 6879,CSI+16-20082,exact,not in edsm?
NGC 6884 SECTOR,-2457.3,341,309,100,Open,PN,111,259,,NGC 6884,CSI+46-20087,exact,
NGC 6885 SECTOR,-1769.9,806.6,-139.4,57,Open,OC,95,27,,,BD+25 4141,representative,
NGC 6886 SECTOR,-7731.7,4445.9,-1205.9,100,Open,PN,88,261,,NGC 6886,CSI+19-20105,exact,
NGC 6891 SECTOR,-6740.9,4861.7,-1781.8,100,Open,PN,81,262,,NGC 6891,BD+12 4266,exact,
NGC 6910 SECTOR,-3635.9,726.5,129.5,108,Open,OS,108,292,,,,none,
NGC 6939 SECTOR,-3751.4,-387.7,822.3,113,Open,OC,130,298,,,NSV 13141,representative,not in edsm?
NGC 6940 SECTOR,-2338.5,855.8,-314.6,183,Open,OC,99,356,,,NGC 6940 MMU 39,representative,
NGC 7026 SECTOR,-5998.9,104.7,41.9,100,Open,PN,120,267,,NGC 7026,CSI+47-21046,exact,
NGC 7027 SECTOR,-3380.2,301.7,-207.6,100,Open,PN,115,268,,NGC 7027,BD+41 4004,exact,
NGC 7039 SECTOR,-3096.7,108.1,-92,127,Open,OS,118,315,,,,none,
NGC 7048 SECTOR,-5596.3,117.2,-166.1,100,Open,PN,119,269,,NGC 7048,IRAS 21124+4604,exact,
NGC 7063 SECTOR,-2200.4,266.3,-386.8,59,Open,OC,112,30,,,BD+35 4514,exact,
NGC 7082 SECTOR,-4692.5,-98.3,-246,342,Open,OC,122,420,,,NGC 7082 MMU 197,representative,
NGC 7160 SECTOR,-2478.1,-617.9,286.5,38,Open,OC,139,4,,,V497 CEPHEI,representative,
NGC 7209 SECTOR,-3761.7,-362.2,-484.1,200,Open,OC,129,374,,,BD+45 3796,representative,not in edsm?
NGC 7235 SECTOR,-8983.8,-2024.6,128.6,134,Open,OS,137,322,,,,none,
NGC 7243 SECTOR,-2595.8,-406.5,-257.6,223,Open,OS,133,384,,,,none,
NGC 7354 SECTOR,-3995.7,-1282.9,168.6,100,Open,PN,143,274,,NGC 7354,CSI+61-22385,exact,
NGC 7380 SECTOR,-6928.6,-2131.5,-113.9,422,Open,OC,142,430,,,NGC 7380 MOF 10,representative,
NGC 744 SECTOR,-2892.5,-2641.2,-425.5,115,Open,OS,174,300,,,,none,
NGC 7510 SECTOR,-6320.3,-2426.2,0,99,Open,OS,148,81,,,,none,
NGC 752 SECTOR,-929.8,-1004.1,-589.4,326,Open,OC,183,415,was swapped with IC 1848,,QX ANDROMEDAE,representative,
NGC 7538 SECTOR,-8372.9,-3298.2,125.7,100,Open,NB,150,145,,NGC 7538,,none,
NGC 7654,-4350.4,-1804.3,55.3,1,Open,ST,0,0,,,NGC 7654 409,stars only,M52 SECTOR
NGC 7686 SECTOR,-3010.2,-1066,-655.5,133,Open,OS,145,321,,,,none,
NGC 7789 SECTOR,-6847.2,-3265.9,-717.1,555,Open,OC,153,459,,,NGC 7789 950,representative,
NGC 7790 SECTOR,-8582.6,-4297.8,-167.5,336,Open,OS,154,418,,,,none,
NGC 7822 SECTOR,-2444,-1332.5,302.4,100,Open,NB,155,88,,NGC 7822,S171 29,representative,
NGC 869,-4762.3,-4718.9,-458.9,1,Open,ST,0,0,,,NGC 869 1212,stars only,H PERSEI SECTOR
NGC 884,-5391.3,-5392,-510.8,1,Open,ST,0,0,,,NGC 884 1951,stars only,CHI PERSEI SECTOR
NGC 957 SECTOR,-4085.5,-4275.2,-278.9,190,Open,OC,181,364,,,BD+56 652,representative,
NORTH AMERICA SECTOR,-1893.9,149,-33.2,100,Open,NB,116,137,,NORTH AMERICA NEBULA,,none,
OMEGA SECTOR,-1432.6,5309.6,-76.8,100,Open,NB,44,129,,OMEGA NEBULA,,none,
OPHIUCHUS DARK REGION,43.3,495.4,152,100,Open,DN,454,169,,OPHIUCHUS DARK REGION,HIP 80851,representative,
OPHIUCHUS DARK REGION B SECTOR,-42.9,489.8,169.3,100,Open,DN,24,163,,OPHIUCHUS DARK REGION B,,none,
OPHIUCHUS DARK REGION C SECTOR,-9,516,63.4,100,Open,DN,10,167,,OPHIUCHUS DARK REGION C,,none,
ORION DARK REGION,596.8,-1340.4,-311.9,100,Open,DN,247,149,,ORION DARK REGION,,none,
ORION SECTOR,616.5,-1107.7,-446.4,100,Open,NB,265,104,,ORION NEBULA,V2338 ORIONIS,representative,
OWL,-624.4,-1018.9,1847.2,100,Not found,PN,192,208,,OWL NEBULA,GCRV 6897,exact,
PARROT'S HEAD SECTOR,19.1,995.7,-90.6,100,Open,DN,463,177,,PARROT'S HEAD,,none,
PEGASI SECTOR,-170.3,-19.2,-95.2,100,Open,LM,131,82,,,SCHEAT,exact,
PELICAN SECTOR,-1891.6,178.8,3.3,100,Open,NB,114,139,,PELICAN NEBULA,,none,
PENCIL SECTOR,813.8,-44.1,2.8,100,Open,NB,337,118,,PENCIL NEBULA,,none,
PERSEUS DARK REGION,-359.9,-1045.2,-317,100,Open,DN,204,94,,PERSEUS DARK REGION,38 OMICRON PERSEI,representative,
PHANTOM STREAK SECTOR,-3611.9,5395.4,-306.2,100,Open,PN,64,246,,PHANTOM STREAK,BD-00 3630,exact,
PIPE (BOWL) SECTOR,-11.3,498.5,36.6,100,Open,DN,16,176,,PIPE (BOWL),,none,
PIPE (STEM) SECTOR,12.2,497.2,51.4,100,Open,DN,462,175,,PIPE (STEM),HR 6387,representative,
PISCIUM SECTOR,-44.8,-29.1,-54.8,60,Open,LM,162,34,,,64 PISCIUM,exact,
PISMIS 4 SECTOR,1912.7,-245,-80.8,102,Open,OC,330,282,,,HD 72997,representative,
PLEIADES SECTOR,-81.8,-343.3,-149.4,100,Open,NX,211,93,,PLEIADES NEBULA,MAIA,exact,
PRAEI1,-1000,54000,-155,512,Permit-locked.,AP,12,452,,,,,
PRAEI2,-1000,54400,-155,512,Permit-locked.,AP,11,453,,,,,
PRAEI3,-1000,53600,-155,512,Permit-locked.,AP,15,454,,,,,
PRAEI4,-1000,54000,-555,512,Permit-locked.,AP,13,455,,,,,
PRAEI5,-1000,54000,455,512,Permit-locked.,AP,14,456,,,,,
PRAEI6,-500,53500,-100,512,Permit-locked.,AP,7,457,,,,,
PUPPIS DARK REGION,1440.3,-306.1,-286.2,100,Open,DN,326,152,,PUPPIS DARK REGION,,none,
PUPPIS DARK REGION B SECTOR,1352.3,-362.3,0,100,Open,DN,325,153,,PUPPIS DARK REGION B,,none,
PUPPIS SECTOR,56.7,-28.2,5.2,50,Open,LM,310,18,,,RHO PUPPIS,exact,
R CRA SECTOR,0,399.9,-128.4,100,Open,PN,2,132,,R CRA,BRSO 14,exact,
RED SPIDER SECTOR,-526.1,2953.3,36.7,100,Open,NB,36,236,,RED SPIDER NEBULA,,none,
REGOR SECTOR,1099.2,-133.6,-146.7,100,Permit-locked.,AP,332,277,,,GAMMA VELORUM,exact,
RETINA SECTOR,1868,2202.6,811.8,100,Open,PN,411,217,,RETINA NEBULA,CD-43 9005,exact,
RHO OPHIUCHI SECTOR,52.3,473.5,152,100,Open,DN,452,168,,RHO OPHIUCHI,HIP 80126,representative,
RING SECTOR,-1977.2,998.8,552.3,100,Open,NB,93,245,,RING NEBULA,,none,
ROSETTE SECTOR,2347,-4748.8,-175.7,100,Open,NB,253,112,,ROSETTE NEBULA,,none,
RUNNING MAN SECTOR,586.2,-1079.6,-425.4,100,Open,NB,263,103,,RUNNING MAN NEBULA,V1434 ORIONIS,representative,
SADR REGION SECTOR,-1794.7,365.8,53.7,100,Open,NB,107,135,,SADR REGION,SADR,exact,
SATURN,-2623.4,3382.1,-2952.8,100,Not found,PN,69,266,,SATURN NEBULA,BD-11 5511,exact,
SCORPII SECTOR,37.7,126.8,0.5,60,Open,LM,439,33,,,GRAFIAS,exact,
SCORPIUS DARK REGION,110.2,477.4,0,100,Open,DN,445,161,,SCORPIUS DARK REGION,HIP 83457,representative,
SCUTUM DARK REGION,-274.7,589,11.3,100,Open,DN,53,164,,SCUTUM DARK REGION,,none,
SEAGULL SECTOR,2656.4,-2712.6,-159.1,100,Open,NB,281,115,,SEAGULL NEBULA,BD-10 1848,exact,
SHARRU SECTOR,37.9,-34,60.2,50,Open,LM,286,19,,,REGULUS,exact,
SHUDUN SECTOR,-3.5,13,34.2,30,Open,LM,45,2,,,ARCTURUS,representative,
SHUI WEI SECTOR,67.5,24.9,-119.4,80,Open,LM,370,55,,,ACHENAR,exact,
SIDGOIR,-24120,-1220,10,100,Permit-locked.,AP,124,278,,,,,
SKULL AND CROSSBONES NEB. SECTOR,13388.5,-6763,104.7,100,Open,NB,308,117,,SKULL AND CROSSBONES NEB.,HAFFNER 18 LSS 27,representative,
SKULL SECTOR,-369.6,-204,-1543.3,100,Open,NB,156,180,,SKULL NEBULA,,none,
SNAKE SECTOR,-18.7,595.2,73.1,100,Open,DN,17,166,,SNAKE,,none,
SOUL SECTOR,-5095.2,-5502.3,117.8,100,Open,NB,184,92,,SOUL NEBULA,,none,
SPIRAL PLANETARY SECTOR,1415.3,1074.3,-105.6,100,Open,PN,396,214,,SPIRAL PLANETARY NEBULA,KN MUSCAE,exact,
SPIROGRAPH SECTOR,577.9,-819.2,-452.7,100,Open,PN,270,105,,SPIROGRAPH NEBULA,BD-12 1172,exact,
STATUE OF LIBERTY SECTOR,5589.7,2179.3,-73.3,100,Open,NB,375,121,,STATUE OF LIBERTY NEBULA,,none,
STEPH 1 SECTOR,-1125.7,480.1,339.4,74,Open,OS,98,50,,,,none,
STOCK 1 SECTOR,-902.6,514.9,41.7,243,Open,OC,89,394,,,HD 338561,exact,
STOCK 14 SECTOR,6333.3,2980.2,-85.5,102,Open,OS,383,283,,,,none,
STOCK 2 SECTOR,-718.9,-679.8,-32.8,130,Open,OC,175,316,,,BD+58 424,representative,
STRUVE'S LOST SECTOR,-31,-466.1,-178.4,100,Open,NB,222,178,,STRUVE'S LOST NEBULA,,none,
TASCHETER SECTOR,1.5,-62.7,-22.4,50,Open,LM,227,14,,,ALDEBARAN,exact,
TAURUS DARK REGION,-62.4,-443.8,-103.5,100,Open,DN,214,148,,TAURUS DARK REGION,,none,
THOR'S HELMET SECTOR,2704.2,-2469.3,-19.2,100,Open,PN,284,116,,THOR'S HELMET,ALS 299,exact,
TR 10 SECTOR,1369,-173,14.4,57,Open,OC,331,26,,,HD 75274,representative,
TR 14 SECTOR,8501.8,2664.3,-93.3,130,Open,OC,363,317,,,CD-58 3526,representative,
TR 16 SECTOR,8311.2,2636.5,-106.5,254,Open,OC,366,400,,,PCYC 722,representative,
TR 2 SECTOR,-1431.7,-1556.9,-144.2,112,Open,OS,185,296,,,,none,
TR 24 SECTOR,978.6,3577.3,97.1,500,Open,OS,441,437,,,,none,
TRAPEZIUM SECTOR,594.5,-1072.4,-431.8,182,Open,OC,264,355,,,V768 ORIONIS,representative,
TRIANGULI SECTOR,60.9,-81.3,-47.9,50,Open,LM,274,13,,,GCRV 3204,representative,
TRIFID OF THE NORTH SECTOR,-643.1,-2486.9,-402.2,100,Open,NB,207,99,,TRIFID OF THE NORTH,2MASS J04301984+3514208,representative,
TRIFID SECTOR,-633.7,5161.2,-27.2,100,Open,NB,27,126,,TRIFID NEBULA,,none,
TUCANAE SECTOR,105.6,159.5,-218.2,100,Open,LM,416,83,,,NU TUCANAE,exact,
VEIL EAST SECTOR,-1914.4,491.5,-306,100,Open,NB,105,140,,VEIL NEBULA EAST,,none,
VEIL WEST SECTOR,-1395.6,418.7,-194.4,100,Open,NB,101,136,,VEIL NEBULA WEST,,none,
VELA DARK REGION,991.2,-51.9,-121.9,100,Open,DN,338,154,,VELA DARK REGION,,none,
VULPECULA DARK REGION,-543.8,353.2,45.3,100,Open,DN,82,172,,VULPECULA DARK REGION,,none,
WHITE EYED PEA,-3882.1,8212.6,7841,100,Not found,PN,54,223,,WHITE EYED PEA,BD+12 2966,exact,
WITCH HEAD SECTOR,369.4,-715.7,-401.6,100,Open,NX,260,109,,WITCH HEAD NEBULA,HIP 23759,representative,
YIN SECTOR,6.4,-47,20.2,50,Open,LM,233,15,,,CASTOR,exact,
