0,Glorious Nebula,HEN 2-23,8322.6,-1169.7,1271,Unknown,,,,,
0,Alien Crash Site?,Pleiades Sector AB-W B2-4,-137.6,-380.4,-118.3,Unknown,,,,,
0,Crashed Vessel,HIP 17403,-93.7,-367.6,-159,Unknown,,,,,
0,Ship Wreckage,HIP 17862,-81.4,-359.6,-151.9,Unknown,,,,,
0,The Cat's Eye,Pyraleau AA-A H39,-3440.3,5849.4,-1177.6,Unknown,,,,,
0,The Colonia Expansion,Colonia,-9530.5,19808.1,-910.3,Unknown,,,,,
1,Ringed Garden World,19 Phi-2 Ceti,-12.3,-8.3,-49.2,Unknown,,,,,
7,The Alliance,Alioth,-33.7,-20.7,72.5,Unknown,,,,,
8,Ringed Binaries,Apam Napat,10.1,-0.7,-90.5,Unknown,Online,4,Orbit,17,
9,Ammonia Rings,Aucoks OH-D B18-3,-47.7,1884,-161,Unknown,Updated,,,,
10,Waterside View,BD+22 3878,-958.2,535.5,-71,Unknown,Online,5,Orbit,2248,
14,Neutron Earth-Like,Blae Eaec PM-W E1-205,-1417.9,14765.1,-1245.1,Unknown,Online,1,Orbit,2623,
15,Nebula's Heart,CD-26 1339,437.2,-513.8,-925.2,Unknown,,,,,
16,Celestial Gem,CD-39 6137,2049.6,75.2,450.9,Unknown,,,,,
18,Beautiful Rings,Choomuia UI-K D8-4692,-6721.8,25326.4,125.6,Unknown,,,,,
20,Zen Crater,Col 285 Sector NE-G C11-32,-154.1,96.3,7.6,Unknown,Online,AB3,Surface,2543,
21,Hot Jupiter,Col 285 Sector RF-C B14-7,-164,-55.9,12.8,Unknown,,,,2,
22,Patchwork Plains,CSI+47-21046,-5999,104.7,41.9,Unknown,,,,2674,
25,Neutron World,Dryoi Pri GG-Y E5156,-916.3,20963.5,-1212,Unknown,Online,1,Orbit,2532,
27,Red and Green Glory,Eembaisk DG-O E6-2972,3727.4,30848.2,539.3,Unknown,Online,1A,Surface,1136,
28,Three Way Dance,Eembaisk NS-R D5-2857,3578.9,30176.8,986.8,Unknown,Online,A4,Orbit,898,
36,Strong G,HD 148937,548.7,1274.7,-18,Unknown,Updated,,,,
39,Jewelled Rings,Hecate,-56,-44.3,-25.1,Unknown,Online,5A,Surface,1928,
42,Binary Planet Rings,HIP 38064,1152.9,-478.3,-60.7,Unknown,,,,,
45,Fire and Ice,HIP 9571,423.1,73.8,-772.6,Unknown,,,,,
47,Ring Close Up,HR 1597,78.2,-3.4,-60.9,Unknown,,,,,
48,The View,HR 6164,444.3,1283,58.3,Unknown,,,,,
49,Planetary Nebula View,IC 1805 Sector AV-O c6-6,-4337,-4423.2,12.8,Unknown,,,,2253,
53,Black Hole Heart,Leamuae SI-T E3-4236,945.3,20129.3,-877.4,Unknown,Updated,,,,
55,Rare World,LTT 18046,9.1,-45.7,28.1,Unknown,Online,3,Orbit,344,
56,The Battle of Lugh,Lugh,44.7,27.5,-5.7,Unknown,,,,,
57,In Memory,Lugh,44.7,27.5,-5.7,Unknown,,,,,
58,Last Defence,Lugh,44.7,27.5,-5.7,Unknown,,,,,
59,Lugh Victory,Lugh,44.7,27.5,-5.7,Unknown,,,,,
61,Maia Black Hole,Maia,-81.8,-343.4,-149.4,Unknown,,,,,
63,Ice Canyons,Millcayac,-21.4,169.9,-20.6,Unknown,Updated,,,1229,
70,Distant Worlds Expedition 3302,Pallaeni,112.7,128.4,47.1,Unknown,,,,,
71,Black Hole Core,Phroea Ploe SO-Z E5374,5480.9,23453.6,-178.1,Unknown,Online,2A,Surface,4256,
73,Epic Mountain Range,Pomeche,56.7,3.1,82.1,Unknown,,,,,
80,Changing Sky,Ross 1057,-32.3,-12.4,26.2,Unknown,,,,,
82,The Centre,Sagittarius A*,25.2,25890,-20.9,Unknown,,,,0,
84,Black in Green,Shrogea MH-V E2-1763,971,21307.3,613.2,Unknown,Online already completed,A,Orbit,0,
85,Collection of Wonders,Skaude AA-A H294,-5131.7,10365.2,-275.6,Unknown,Online,AB1,Orbit,1834,
87,Cradle of Humanity,Sol,0,0,0,Unknown,,,,,
89,Neutron Nebula,Straneou RI-T E3-1149,-497.4,18876.4,1652.3,Unknown,,,,,
91,Sky of Nebulae,Synuefai LI-Z D1-9,-753.5,-850.6,-47.3,Unknown,,,,272,
92,Hind Nebula View,T Tauri,-33,-557.3,-206.4,Unknown,,,,,
99,Black Treasure,Traikoa FL-P E5-4,-1504.3,5041,-18.5,Unknown,,,,,
101,Fiery Sky,V380 Orionis,549.3,-926.6,-374.5,Unknown,,,,6911,
102,Maiden's Veil,Veil West Sector GW-W C1-16,-1389.7,411.3,-190.8,Unknown,,,,366,
105,Gargantuan,VY Canis Majoris,1576.1,-922.5,-150.2,Unknown,,,,,
111,Red Carbon,Y Canum Venaticorum,-264.8,-186.8,993.9,Unknown,Online,1A,Surface,930,
112,Eye of Fire,Zunuae IU-D d13-363,-973.1,24436.4,1059.4,Unknown,Online,2,Orbit,1077,
113,Alliance Assembly,Alioth,-33.7,-20.7,72.5,Unknown,,,,,
114,Alliance Defence Force,Alioth,-33.7,-20.7,72.5,Unknown,,,,,
115,Alioth History,Alioth,-33.7,-20.7,72.5,Unknown,,,,,
116,Alliance Council Members,Alioth,-33.7,-20.7,72.5,Unknown,,,,,
117,Everichon Hijack,Alioth,-33.7,-20.7,72.5,Unknown,,,,,
118,Tom Quaterson Death,Alioth,-33.7,-20.7,72.5,Unknown,,,,,
119,Caker Coup,Alioth,-33.7,-20.7,72.5,Unknown,,,,,
120,Riley Dain Murder,Alioth,-33.7,-20.7,72.5,Unknown,,,,,
121,Mic Turner History,Alioth,-33.7,-20.7,72.5,Unknown,,,,,
122,Reorte Reclaimed,Reorte,75.8,75.2,48.8,Unknown,,,,,
123,Highliner Antares Lost,Luyten 205-128,7.6,16.7,-4.9,Unknown,,,,,
124,Gateway History,Gateway,-11,-0.9,77.8,Unknown,,,,,
125,Holiacan History,Holiacan,-51.3,-21.5,67.3,Unknown,,,,,
126,Indaol History,Indaol,-14,-3.6,79.2,Unknown,,,,,
127,Olgrea History,Olgrea,-28.1,-6.4,68.3,Unknown,,,,,
128,Origins of the Empire,Achenar,67.5,24.8,-119.5,Unknown,,,,,
129,War with the Federation,Achenar,67.5,24.8,-119.5,Unknown,,,,,
130,Failed Invasion,Achenar,67.5,24.8,-119.5,Unknown,,,,,
131,Hall of Martyrs,Achenar,67.5,24.8,-119.5,Unknown,,,,,
132,Lanner's Privateers,Ackwada,42.8,-11.3,-65.3,Unknown,,,,,
133,Lanner's Victory,Ackwada,42.8,-11.3,-65.3,Unknown,,,,,
134,Wrekcht's Raid,Andceeth,70.8,-8.3,-19.8,Unknown,,,,,
135,Battlegroup's Disappearance,Alioth,-33.7,-20.7,72.5,Unknown,,,,,
136,Genetic Research Cleansed,Fawaol,65.6,-10.1,-118.2,Unknown,,,,,
137,The Empire's Loss,Zeessze,-19.8,-14.3,-3.3,Unknown,Updated,,,,
138,Olban's Succession,Liaedin,-32,38,-5.8,Unknown,,,,,
139,Olban's Diplomacy,Zeaex,27.5,26.8,0.8,Unknown,,,,,
140,The Emperor's Own,Laedla,78.5,29.4,-91.3,Unknown,,,,,
141,Yorkville Patriots,Ackwada,42.8,-11.3,-65.3,Unknown,,,,,
142,Ashfield's Death,Zeaex,27.5,26.8,0.8,Unknown,,,,,
143,Gaylen's Ascension,Quince,57.4,333,341.4,Unknown,,,,,
144,Imperial Palace Expands,Achenar,67.5,24.8,-119.5,Unknown,,,,,
145,Terraforming,Cemiess,66.1,27.1,-105.3,Unknown,,,,,
146,Atticus Ascension,Exioce,78.5,16.8,-100.2,Unknown,,,,,
147,Faveol Hostilities,Liaedin,-32,38,-5.8,Unknown,,,,,
148,Governor Santorini's Assassination,Tau Ceti,-0.4,-3.5,-11.4,Unknown,,,,394,
149,Military Base Established,Facece,64.3,25.2,-111.4,Unknown,,,,,
150,Hender's Ascension,Facece,64.3,25.2,-111.4,Unknown,,,,,
151,Hengist's Ascension,Achenar,67.5,24.8,-119.5,Unknown,,,,,
152,Innitu's Assassination,Beta Hydri,15.3,10.6,-15.7,Unknown,,,,,
153,Civil War,Tiliala,85.8,-3.6,-14.1,Unknown,,,,,
154,Dentara Rast's Assassination,Tiliala,85.8,-3.6,-14.1,Unknown,,,,,
155,Chancellor Blaine,Facece,64.3,25.2,-111.4,Unknown,,,,,
156,Sorbago Slave Rebellion,Sorbago,61,37.4,-72.1,Unknown,,,,,
157,Durius Defaults,Durius,-5.4,52.8,-86.3,Unknown,,,,,
158,Volungu Blight,Furbaide,-28.6,28.8,-10.7,Unknown,,,,,
159,The Line of the Duvals,Achenar,67.5,24.8,-119.5,Unknown,,,,???,Bugged
160,Imperial Palace,Achenar,67.5,24.8,-119.5,Unknown,,,,,
161,Federal Congress,Sol,0,0,0,Unknown,,,,,
162,Federal Constitution,Sol,0,0,0,Unknown,,,,,
163,Church of kum-Byar,Arexack,45,-7.2,-80.5,Unknown,,,,,
164,Revised Catholic Mission,Aymiay,-53.5,-63.1,-28.8,Unknown,,,,,
165,Ancient History,Sol,0,0,0,Unknown,,,,,
166,Early Hyperspace,Tau Ceti,-0.4,-3.5,-11.4,Unknown,,,,394,
167,First Interstellar Colony,Tau Ceti,-0.4,-3.5,-11.4,Unknown,,,,394,
168,Early Colonies,Delta Pavonis,8.4,14.5,-10.8,Unknown,,,,,
169,Ecological Loss,Tau Ceti,-0.4,-3.5,-11.4,Unknown,,,,394,
170,Accidental Extinction,Delta Pavonis,8.4,14.5,-10.8,Unknown,,,,,
171,New Leadership,Sol,0,0,0,Unknown,,,,,
172,New Agreements,Altair,-12.3,11,-2.8,Unknown,,,,,
173,Alien Transgressions,Tau Ceti,-0.4,-3.5,-11.4,Unknown,,,,394,
174,Federal Accord,Tau Ceti,-0.4,-3.5,-11.4,Unknown,,,,394,
175,Non-Human Relic,Sol,0,0,0,Unknown,,,,,
176,Second Terraforming Attempt,Sol,0,0,0,Unknown,,,,,
177,Logistical Nightmare,Beta Hydri,15.3,10.6,-15.7,Unknown,,,,,
178,Relocation,Sol,0,0,0,Unknown,,,,,
179,Sirius Corporation Founding,Sirius,6,-5.8,-1.3,Unknown,,,,,
180,Congressional Streamlining,Sol,0,0,0,Unknown,,,,,
181,The Birthright Wars,Sol,0,0,0,Unknown,,,,,
182,Argent's Departure,Ayethi,29.3,-21.7,-71.1,Unknown,,,,,
183,Birthright Final Act,Anlave,-25.4,-20.8,1.1,Unknown,,,,,
184,First Thargoid Contact,Lave,75.8,70.8,48.8,Unknown,,,,,
185,The Gellan Administration,Ackwada,42.8,-11.3,-65.3,Unknown,,,,,
186,Gellan Scandal,Sol,0,0,0,Unknown,,,,,
187,Ships Lost in Space,Zelada,-58.9,-54.8,-21.5,Unknown,,,,,
188,The Black Prince,Zelada,-58.9,-54.8,-21.5,Unknown,,,,,
189,Gellan's Humiliation,Ackwada,42.8,-11.3,-65.3,Unknown,,,,,
190,Peacekeeping Failure,Phekda,-25.1,-30.3,73.3,Unknown,,,,5845,
191,Maurice Grant's Death,Ross 128,5.5,0.1,9.4,Unknown,,,,,
192,Grant Keller's Election,Ackwada,42.8,-11.3,-65.3,Unknown,,,,,
193,Tyrell Biggs' Election,Sol,0,0,0,Unknown,,,,,
194,'Proxmire',Cemiess,66.1,27.1,-105.3,Unknown,,,,,
195,O'Brien's War,Cemiess,66.1,27.1,-105.3,Unknown,,,,,
196,The Coming of Kum Byar,Arexack,45,-7.2,-80.5,Unknown,,,,,
197,Onionhead Banned,Kappa Fornacis,12.5,-22.9,-66.7,Unknown,,,,,
198,Cerberus Plague,BD-02 4304,-30.8,38.2,94.7,Unknown,,,,,
199,Professor Palin,Nganji,-24.6,-132.1,36.8,Unknown,,,,,
200,Obsidian Orbital Constructed,Maia,-81.8,-343.4,-149.4,Unknown,,,,,
201,Notable Presidents,Sol,0,0,0,Unknown,,,,,
202,Sirius Colonisation,Sirius,6,-5.8,-1.3,Unknown,,,,,
203,The Sirius Convention,Sirius,6,-5.8,-1.3,Unknown,,,,,
204,The Dog Star,Sirius,6,-5.8,-1.3,Unknown,,,,,
205,New Drive Technology,Sirius,6,-5.8,-1.3,Unknown,,,,,
206,Sirius Subsidiaries,Sirius,6,-5.8,-1.3,Unknown,,,,,
207,Sirius Industrial,Luyten's Star,6.6,-10.3,2.3,Unknown,,,,,
208,Sirius Atmospherics,Sothis,-352.8,-346.3,10.5,Unknown,,,,,
209,Sirius Navy,Te Kaha,-172.8,-154.6,13.3,Unknown,,,,,
210,WorldCraft History,Epsilon Eridani,1.9,-6.8,-7.8,Unknown,,,,,
211,Competition from Sirius,Epsilon Eridani,1.9,-6.8,-7.8,Unknown,,,,,
212,More WorldCraft History,Epsilon Eridani,1.9,-6.8,-7.8,Unknown,,,,,
213,WorldCraft Theme Park,Epsilon Eridani,1.9,-6.8,-7.8,Unknown,,,,,
214,Rockforth Corporation Founding,Ackwada,42.8,-11.3,-65.3,Unknown,,,,,
215,The Dien W'rit Estate,Ackwada,42.8,-11.3,-65.3,Unknown,,,,,
216,Ackwada Discovery,Ackwada,42.8,-11.3,-65.3,Unknown,,,,,
217,Wreaken Corporation History,Zearla,26.2,31.6,-52.9,Unknown,,,,,
218,Wreaken Business,Zearla,26.2,31.6,-52.9,Unknown,,,,,
219,Wreaken Defence Force,Zearla,26.2,31.6,-52.9,Unknown,,,,,
220,Mastopolos Family,Enayex,45.6,-39.5,-51.9,Unknown,,,,250,
221,Gabriella Mastopolos' Leadership,Enayex,45.6,-39.5,-51.9,Unknown,,,,4706,
222,Mastopolos Mining Interests,Enayex,45.6,-39.5,-51.9,Unknown,,,,374770,
223,Faulcon Delacy's Beginnings,Reorte,75.8,75.2,48.8,Unknown,,,,,
224,Faulcon Delacy's Prowess,Reorte,75.8,75.2,48.8,Unknown,,,,,
225,Faulcon Delacy's Business Relations,Reorte,75.8,75.2,48.8,Unknown,,,,,
226,Saud Kruger's Formation,Bedaho,79.3,-7.2,-21.1,Unknown,,,,,
227,Saud Kruger's Growth,Bedaho,79.3,-7.2,-21.1,Unknown,,,,,
228,Saud Kruger Luxury,Bedaho,79.3,-7.2,-21.1,Unknown,,,,,
229,Trouble Banking and Welfare Investments,Andceeth,70.8,-8.3,-19.8,Unknown,,,,,
230,TBW Loans,Andceeth,70.8,-8.3,-19.8,Unknown,,,,,
231,FCI Information,Sol,0,0,0,Unknown,,,,,
232,FIA Responsibilities,Sol,0,0,0,Unknown,,,,,
233,Imperial Internal Security Service Duties,Vequess,62.6,22.1,-106,Unknown,,,,291,
234,IDC - Keeping the Empire Safe,Facece,64.3,25.2,-111.4,Unknown,,,,,
235,What is Interpol?,Kuk,-21.3,-16.3,69.1,Unknown,,,,,
236,History of Lave,Lave,75.8,70.8,48.8,Unknown,,,,,
237,Walden's Dictatorship,Lave,75.8,70.8,48.8,Unknown,,,,,
238,Diso's History,Diso,72.2,70.8,48.9,Unknown,,,,283,
239,Diso Delines,Diso,72.2,70.8,48.9,Unknown,,,,283,
240,History of Waterloo,Riedquat,68.8,69.8,48.8,Unknown,,,,147,
241,Chaos in Riedquat,Riedquat,68.8,69.8,48.8,Unknown,,,,147,
242,Leesti's History,Leesti,72.8,68.3,48.8,Unknown,,,,,
243,The Bank of Zaonce,Zaonce,80.8,69.3,48.8,Unknown,,,,,
244,Pilots Federation Origins,Shinrarta Dezhra,55.7,27.2,17.6,Unknown,,,,,
245,The Elite,Shinrarta Dezhra,55.7,27.2,17.6,Unknown,,,,,
246,The Elite Federation of Pilots,Shinrarta Dezhra,55.7,27.2,17.6,Unknown,,,,,
247,Pilots Federation Secrecy,Shinrarta Dezhra,55.7,27.2,17.6,Unknown,,,,,
248,Pilots Federation Interests,Shinrarta Dezhra,55.7,27.2,17.6,Unknown,,,,,
249,Pilots Federation's Near Monopoly,Shinrarta Dezhra,55.7,27.2,17.6,Unknown,,,,,
250,Pilots Federation's Influence,Shinrarta Dezhra,55.7,27.2,17.6,Unknown,,,,,
251,Pilots Federation's Secrecy,Shinrarta Dezhra,55.7,27.2,17.6,Unknown,,,,,
253,Degenerate Trio,Eor Aug EW-W F1-228,2510.2,20136.4,2069.6,Unknown,Online,AB1,Orbit,834,
254,Earth-Like Dance With Giant,IC 1396 Sector RU-F D11-7,-2778.3,7.7,129.3,Unknown,,,,4134,
255,Impressive Rings,Alnitak,318.4,-632,-203.2,Unknown,,,,,
258,Carbon Star Close,HIP 43123,1644.8,-387.9,172.7,Unknown,,,,596,
259,Incredible Rings,Kathans,75.3,64.3,-26.3,Unknown,Online,A4A,Orbit,2567,
261,Stunning Waterworld,17 Beta Piscis Austrini,-18.7,69.1,-123.6,Unknown,Updated,,,36079,
262,Hell World,17 Cygni,-64.5,24.6,5,Unknown,Online,A4,Orbit,400,
263,Ringed Planet,18 Puppis,58.7,-41.1,13.9,Unknown,,,,,
264,Dancing Pair,36 Andromedae,-79.2,-54.9,-77.9,Unknown,,,,,
265,Bountiful System,39 Serpentis,-16.5,36.6,39.9,Unknown,Online,9,Orbit,1950,
266,Blue Giant,47 Ceti,-14.1,-32.5,-117,Unknown,Online,A1A,Surface,1930,
267,49 Serpentis Visitor Beacon,49 Serpentis,-27,51.9,50,Unknown,,,,,
268,69 G. Carinae Visitor Beacon,69 G. Carinae,50.8,3.2,-14.3,Unknown,New v3,,,,
269,Agastani Visitor Beacon,Agastani,22.4,-7.8,-17.7,Unknown,,,,,
270,Akonito Visitor Beacon,Akonito,-86.6,-79.5,1.2,Unknown,,,,,
271,Akualanu Visitor Beacon,Akualanu,63.8,3,-128.5,Unknown,Online already completed,A8,Orbit,,
272,Amenili Visitor Beacon,Amenili,115.7,89.7,-181.2,Unknown,,,,,
273,Amsitia Visitor Beacon,Amsitia,19.4,-0.3,-170.5,Unknown,,,,,
274,Antanyamai Visitor Beacon,Antanyamai,-103.9,83.2,0.2,Unknown,,,,,
275,Any Na Visitor Beacon,Any Na,125.7,14.1,-1.7,Unknown,,,,,
276,Anyayahui Visitor Beacon,Anyayahui,156.9,30.3,-15.8,Unknown,,,,,
277,Apisulfr Visitor Beacon,Apisulfr,103.8,82.2,-82.4,Unknown,,,,,
278,Assinda Visitor Beacon,Assinda,-70.3,-112.1,-118.9,Unknown,,,,,
279,Balaa Visitor Beacon,Balaa,-33.7,27.3,-94.7,Unknown,New v3,,,536,
280,Banki Visitor Beacon,Banki,49.5,-91.7,15.8,Unknown,Online,A3B,Surface,1750,
281,BD+22 3579 Visitor Beacon,BD+22 3579,-84.7,58.4,12.7,Unknown,Online,5,Surface,2423,
282,BD+34 1378 Visitor Beacon,BD+34 1378,0.2,-93.9,19.8,Unknown,,,,,
283,BD+40 2208 Visitor Beacon,BD+40 2208,2.7,-51.2,53.5,Unknown,,,,,
284,BD+65 210 Visitor Beacon,BD+65 210,-56.5,-46.7,5.6,Unknown,,,,1001,
285,BD+69 530 Visitor Beacon,BD+69 530,-61.2,-37.8,81.5,Unknown,Online,1,Orbit,411,
286,BD+74 526 Visitor Beacon,BD+74 526,-48.7,-29.3,53.3,Unknown,Online,B2,Orbit,64879,
287,BD-00 632 Visitor Beacon,BD-00 632,9.5,-48.6,-36.3,Unknown,Online,5,Orbit,1569,
288,Beditjari Visitor Beacon,Beditjari,-6.5,104.3,-60.9,Unknown,Online,A1,Surface,8,
289,Biamebitoto Visitor Beacon,Biamebitoto,53.3,118.2,-0.2,Unknown,Online already completed,,,903,
290,Binar Visitor Beacon,Binar,124.1,22.5,-14.7,Unknown,Online,7,Orbit,3313,
291,Brulenjan Visitor Beacon,Brulenjan,22.1,81.7,70.1,Unknown,Online,1,Orbit,231,
292,Bunuson Visitor Beacon,Bunuson,111.9,-16.1,-104.9,Unknown,Online,3,Orbit,1220,
293,Buzhang Ku Visitor Beacon,Buzhang Ku,44,-45.9,-52.4,Unknown,,,,,
294,Caleta Visitor Beacon,Caleta,-10.2,-84,-86.1,Unknown,,,,,
295,Carverda Visitor Beacon,Carverda,101.8,-40.6,-130,Unknown,Online,1,Orbit,518,
296,CD-31 1974 Visitor Beacon,CD-31 1974,58.8,-46.1,-62.8,Unknown,New v3,,,413465,
297,CD-33 8748 Visitor Beacon ,CD-33 8748,46.2,33.2,30.2,Unknown,,,,,
298,CD-39 4830 Visitor Beacon,CD-39 4830,114.4,-17.4,5.2,Unknown,,,,,
299,CD-52 557 Visitor Beacon,CD-52 557,80.7,-0.1,-125.3,Unknown,,,,,
300,CD-58 4207 Visitor Beacon,CD-58 4207,117.4,54.1,6.5,Unknown,,,,,
301,CD-61 1439 Visitor Beacon,CD-61 1439,66.1,1.4,-30.7,Unknown,Online,B5,Orbit,1778,
302,CD-75 661 Visitor Beacon,CD-75 661,67.9,51.2,-21.5,Unknown,Online,12,Orbit,9737,
303,Ch'eng Visitor Beacon,Ch'eng,95.4,74.7,-161.5,Unknown,New v3,,,3657,
304,Cheng Den Visitor Beacon,Cheng Den,-42.9,25.4,-69.2,Unknown,Online,AB5,Orbit,381,
305,Chick Ek Visitor Beacon,Chick Ek,-22.6,129.6,-18.9,Unknown,Online,2,Orbit,95,
306,Chul Visitor Beacon,Chul,110.1,31.9,112.5,Unknown,,,,,
307,CL Phoenicis Visitor Beacon,CL Phoenicis,27.6,47.8,-136.6,Unknown,,,,,
308,Clayakarma Visitor Beacon,Clayakarma,-20.5,60.7,-5,Unknown,,,,,
309,Coelatuvean Visitor Beacon,Coelatuvean,6,19.3,-78.3,Unknown,,,,,
310,Cofan Visitor Beacon,Cofan,-33.7,144.2,19.3,Unknown,,,,,
311,Dassareti Visitor Beacon,Dassareti,-106.8,-1.6,22.4,Unknown,Online,6,Orbit,2873,
312,Dimoco Visitor Beacon,Dimoco,-73.6,59.2,22.2,Unknown,Online,3,Orbit,528,
313,Djalibara Visitor Beacon,Djalibara,2.4,46,-97.5,Unknown,Online,1,Orbit,245,
314,Djuhti Visitor Beacon,Djuhti,-6.8,24.8,92.7,Unknown,,,,,
315,Ejagham Visitor Beacon,Ejagham,53.8,-23.2,-20.4,Unknown,,,,,
316,Jaques Visitor Beacon,Colonia,-9530.5,19808,-910.3,Unknown,,,,1500,
317,Exioce Visitor Beacon ,Exioce,78.5,16.8,-100.2,Unknown,,,,,
318,Flech Visitor Beacon,Flech,20.1,-63.1,-10.3,Unknown,,,,,
319,Fortuna Visitor Beacon,Fortuna,-17.3,-54.5,15.9,Unknown,,,,,
320,G 123-16 Visitor Beacon,G 123-16,-9.3,-17.8,79,Unknown,Online already completed,7,Orbit,1028,
321,G 203-47 Visitor Beacon,G 203-47,-18.3,7.1,14.25,Unknown,Added Online,7,Orbit,1619,
322,G 69-11 Visitor Beacon,G 69-11,-45.3,-26.5,-32.1,Unknown,,,,,
323,Gabraceni Visitor Beacon ,Gabraceni,52.5,61.7,-11.4,Unknown,,,,,
324,Gamma Leporis Visitor Beacon ,Gamma Leporis,19.5,-18.2,-11.8,Unknown,,,,,
325,GCRV 3204 Visitor Beacon,GCRV 3204,62.7,-85.6,-51.2,Unknown,,,,,
326,Gliese 105.2 Visitor Beacon,Gliese 105.2,85.4,-25.8,-178.6,Unknown,,,,,
327,Gliese 3002 Visitor Beacon,Gliese 3002,-104.9,-44.2,-58.2,Unknown,,,,,
328,Gliese 3258 Visitor Beacon,Gliese 3258,57.9,-66.6,-98.6,Unknown,,,,,
329,Gliese 3299 Visitor Beacon,Gliese 3299,-34.5,-116.1,-10.9,Unknown,,,,,
330,Gliese 3371 Visitor Beacon,Gliese 3371,-17.7,-38.3,13,Unknown,,,,45,
331,Gluscheimr Visitor Beacon,Gluscheimr,53.9,-36.6,-5.8,Unknown,,,,,
332,Grabrigpa Visitor Beacon ,Grabrigpa,-26.1,89.3,0.4,Unknown,,,,,
333,Gui Xian Visitor Beacon,Gui Xian,145.3,-2,-120.2,Unknown,,,,,
334,Guttors Visitor Beacon,Guttors,37.3,-20.3,-154.3,Unknown,Online already completed,AB1,Orbit,39,
335,Gyvatices Visitor Beacon,Gyvatices,101.8,-12.8,-126.4,Unknown,Updated,B3,Orbit,9721,
336,Hajangai Visitor Beacon,Hajangai,-28.1,-68.3,4.9,Unknown,,,,,
337,Hariates Visitor Beacon,Hariates,70.2,-71.8,-72.6,Unknown,,,,,
338,Haritanis Visitor Beacon,Haritanis,-64.6,-70.7,-89.6,Unknown,,,,,
339,Hau Ku Visitor Beacon,Hau Ku,55.9,-47.1,-130,Unknown,,,,,
340,He Qiong Visitor Beacon,He Qiong,112.5,-41,-16.3,Unknown,,,,,
341,HIP 10123 Visitor Beacon,HIP 10123,59.7,-25.7,-183.3,Unknown,,,,,
342,HIP 10175 Visitor Beacon,HIP 10175,-45.8,-83.9,-93.5,Unknown,,,,,
343,HIP 111755 Visitor Beacon,HIP 111755,10.3,70.2,-117.9,Unknown,,,,,
344,HIP 112002 Visitor Beacon,HIP 112002,78.3,99.3,-135.4,Unknown,Online already completed,,,,
345,HIP 11263 Visitor Beacon,HIP 11263,105,11.8,-168.7,Unknown,Online already completed,,,,
346,HIP 113100 Visitor Beacon,HIP 113100,18.7,75.7,-139.3,Unknown,,,,,
347,HIP 11693 Visitor Beacon,HIP 11693,136.9,28.9,-186.7,Unknown,,,,,
348,HIP 118311 Visitor Beacon,HIP 118311,9.4,31.6,-123.5,Unknown,Online,9A,Surface,1779,
349,HIP 14619 Visitor Beacon,HIP 14619,151.2,32,-164.1,Unknown,,,,,
350,HIP 16094 Visitor Beacon,HIP 16094,61.3,-38.4,-105.3,Unknown,Online,7,Orbit,3125,
351,HIP 16365 Visitor Beacon,HIP 16365,66,-38.4,-107.9,Unknown,Online,4,Orbit,961,
352,HIP 22395 Visitor Beacon,HIP 22395,83.6,-63.3,-82.5,Unknown,Online already completed,,,,
353,HIP 33287 Visitor Beacon,HIP 33287,13.3,-120.8,31.8,Unknown,Online already completed,1,Orbit,330,
354,HIP 35755 Visitor Beacon,HIP 35755,5.6,-113.8,46,Unknown,,,,,
355,HIP 35803 Visitor Beacon ,HIP 35803,44.8,-122,36.3,Unknown,,,,,
356,HIP 41181 Visitor Beacon,HIP 41181,-8.2,-105.1,74.8,Unknown,Online,A1,Orbit,1024,
357,HIP 41184 Visitor Beacon,HIP 41184,-7.8,-100.1,71.3,Unknown,New v3,,,,
358,HIP 42455 Visitor Beacon,HIP 42455,127.9,-28.3,7.3,Unknown,,,,,
359,HIP 44811 Visitor Beacon,HIP 44811,132.8,3.3,-4.4,Unknown,,,,,
360,HIP 493 Visitor Beacon,HIP 493,-83.6,28.6,-82.9,Unknown,,,,,
361,HIP 5623 Visitor Beacon,HIP 5623,131.3,78.3,-144.6,Unknown,,,,,
362,HIP 6978 Visitor Beacon,HIP 6978,-82,-77,-67,Unknown,,,,,
363,HIP 75762 Visitor Beacon,HIP 75762,19.2,106.8,68,Unknown,,,,,
364,HIP 80243 Visitor Beacon,HIP 80243,-92.8,-4.4,80.6,Unknown,,,,254,
365,HIP 88617 Visitor Beacon,HIP 88617,-108.8,-5.9,60.6,Unknown,,,,357,
366,HIP 90246 Visitor Beacon,HIP 90246,-52.7,115.3,5.3,Unknown,,,,,
367,Hofada Visitor Beacon,Hofada,90.8,38.6,35.3,Unknown,,,,,
368,Hoji Visitor Beacon,Hoji,134.3,25.9,-104.2,Unknown,,,,,
369,HR 5156 Visitor Beacon,HR 5156,16.5,43,109.6,Unknown,,,,,
370,HR 5529 Visitor Beacon,HR 5529,-54.1,27.4,118,Unknown,,,,,
371,HR 7221 Visitor Beacon,HR 7221,58.5,91.3,-55.8,Unknown,,,,,
372,HR 7451 Visitor Beacon ,HR 7451,-78.8,8.8,20.4,Unknown,,,,,
373,HR 7925 Visitor Beacon,HR 7925,-104.5,-12.2,21.1,Unknown,,,,,
374,HR 8472 Visitor Beacon,HR 8472,-118.8,-26.9,1.1,Unknown,,,,,
375,Huveang De Visitor Beacon,Huveang De,-40.7,-114.8,-22.8,Unknown,,,,,
376,Ienpalang Visitor Beacon,Ienpalang,133.5,52.7,-99.8,Unknown,,,,,
377,Ikpenones Visitor Beacon ,Ikpenones,-39.4,-45.1,31.6,Unknown,,,,,
378,Ilya Nigh Visitor Beacon,Ilya Nigh,82.3,-35.8,-118.1,Unknown,,,,,
379,Irandan Visitor Beacon,Irandan,-86.4,-125.1,-12.4,Unknown,,,,,
380,Ither Visitor Beacon ,Ither,-112.3,89.3,15,Unknown,,,,,
381,Jambin Visitor Beacon,Jambin,17.7,53.6,101.2,Unknown,,,,,
382,Jardonnere Visitor Beacon,Jardonnere,133.9,106.8,59.8,Unknown,,,,,
383,Juipedun Visitor Beacon,Juipedun,-90.3,-61.4,39.8,Unknown,,,,,
384,Jupanisage Visitor Beacon,Jupanisage,43.1,18.9,-204.6,Unknown,,,,,
385,Kambila Visitor Beacon,Kambila,-96,-49.6,-47.7,Unknown,,,,,
386,Kelie Visitor Beacon,Kelie,-85.5,85.4,-45.2,Unknown,,,,,
387,Kholhou Visitor Beacon,Kholhou,14.1,1.9,-177.9,Unknown,,,,,
388,Kikapu Visitor Beacon,Kikapu,-29,137.8,-63.4,Unknown,,,,,
389,Kokowar Visitor Beacon ,Kokowar,4.7,18.5,-101.9,Unknown,,,,,
390,Koyeris Visitor Beacon,Koyeris,-41.9,-54.9,64.2,Unknown,,,,,
391,K'uanele Visitor Beacon,K'uanele,69.8,-68.3,71.2,Unknown,,,,,
392,Ladabalbasa Visitor Beacon,Ladabalbasa,59.7,-7.3,-11.3,Unknown,,,,,
393,Laklano Visitor Beacon,Laklano,-126.7,-42.6,126.6,Unknown,,,,,
394,Lalande 46867 Visitor Beacon,Lalande 46867,-103.8,-35.7,-69.9,Unknown,,,,,
395,LFT 367 Visitor Beacon,LFT 367,11,-23.4,-17.2,Unknown,,,,,
396,LFT 601 Visitor Beacon ,LFT 601,26.7,-34.8,24.8,Unknown,,,,,
397,LHS 1944 Visitor Beacon,LHS 1944,0.6,-100.3,51.7,Unknown,,,,,
398,LHS 199 Visitor Beacon,LHS 199,96,1.4,-73.3,Unknown,,,,,
399,LHS 2265 Visitor Beacon,LHS 2265,72.9,-23.3,68.2,Unknown,,,,,
400,LHS 2405 Visitor Beacon,LHS 2405,-45.9,-36.3,45.6,Unknown,,,,,
401,LHS 278 Visitor Beacon ,LHS 278,-5.9,-29.9,38.7,Unknown,,,,,
402,LHS 2813 Visitor Beacon,LHS 2813,48.1,43.1,9.4,Unknown,,,,,
403,LHS 3167 Visitor Beacon,LHS 3167,29.9,33.9,-11,Unknown,,,,,
404,LHS 3675 Visitor Beacon,LHS 3675,18.5,50.5,-52.3,Unknown,,,,,
405,LHS 3781 Visitor Beacon,LHS 3781,-60,4.2,-26.1,Unknown,New v3,,,,
406,LHS 3931 Visitor Beacon,LHS 3931,-92.2,-17.1,-53.8,Unknown,,,,415,
407,LHS 6050 Visitor Beacon,LHS 6050,-13.9,-47.8,-52.7,Unknown,,,,,
408,Louguala Visitor Beacon,Louguala,-30.8,104.7,29.2,Unknown,,,,,
409,LP 102-320 Visitor Beacon,LP 102-320,-60.6,3.2,35.1,Unknown,,,,790,
410,LP 131-66 Visitor Beacon ,LP 131-66,-31.5,-20.7,71.8,Unknown,,,,,
411,LP 244-47 Visitor Beacon ,LP 244-47,-55.7,-3.1,-28.7,Unknown,,,,,
412,LP 499-54 Visitor Beacon,LP 499-54,2,32.9,68.3,Unknown,,,,,
413,LP 542-33 Visitor Beacon,LP 542-33,29.2,-44.8,15.7,Unknown,,,,,
414,LP 581-36 Visitor Beacon,LP 581-36,-53.4,10.1,-58.4,Unknown,,,,,
415,LP 825-559 Visitor Beacon,LP 825-559,-6.4,-0.6,-52.2,Unknown,,,,,
416,LTT 13904 Visitor Beacon,LTT 13904,-23.4,0.5,102.7,Unknown,Online,A4A,Surface,143,
417,LTT 4599 Visitor Beacon,LTT 4599,63.4,21.2,93.3,Unknown,,,,,
418,LTT 9164 Visitor Beacon ,LTT 9164,-37,19.3,-56.5,Unknown,,,,,
419,Makum Visitor Beacon,Makum,18.4,-121.9,33,Unknown,,,,,
420,Malina Visitor Beacon,Malina,-48.2,14.4,23,Unknown,Online already completed,AB6A,Surface,,
421,Manissyet Visitor Beacon,Manissyet,-93,21.5,-73.8,Unknown,,,,,
422,Marki Visitor Beacon,Marki,81.5,44.3,-84.9,Unknown,Updated,,,946,
423,Mayang Visitor Beacon,Mayang,27.2,27.2,-207.9,Unknown,,,,,
424,Meenates Visitor Beacon ,Meenates,-78.7,-23.4,53.6,Unknown,,,,,
425,Miromi Visitor Beacon ,Miromi,-3.4,115.3,59.7,Unknown,,,,,
426,Miskai Visitor Beacon,Miskai,-63.3,59.9,-90.9,Unknown,,,,,
427,Miwobogi Visitor Beacon,Miwobogi,79,83,-42.9,Unknown,,,,,
428,Moanza Visitor Beacon,Moanza,-129.2,-31.5,-100.3,Unknown,,,,,
429,Mokusa Visitor Beacon,Mokusa,59.8,79.2,83.4,Unknown,,,,,
430,Mu Horologii Visitor Beacon,Mu Horologii,89.6,11.1,-109,Unknown,,,,,
431,Mulayo Visitor Beacon,Mulayo,33.9,97.4,9.3,Unknown,,,,,
432,Ndjabog Visitor Beacon,Ndjabog,-88.3,-44.8,-88.2,Unknown,,,,,
433,Neritus Visitor Beacon,Neritus,75.4,-30.9,2.6,Unknown,Online already completed,,,,
434,Nespel Visitor Beacon,Nespel,26,-5.4,-171.1,Unknown,Online,3,Orbit,600,
435,Ngardinja Visitor Beacon,Ngardinja,-7.1,108.3,-50.9,Unknown,Updated,,,,
436,Ngbatobii Visitor Beacon,Ngbatobii,13.2,128,-38.4,Unknown,Updated,,,,
437,Ngere Visitor Beacon,Ngere,100.8,-44.8,-121.8,Unknown,,,,,
438,Ngun Visitor Beacon,Ngun,85.7,8.8,-122.6,Unknown,,,,,
439,Niju Visitor Beacon,Niju,-42.8,-111.8,57.8,Unknown,,,,126,
440,Njorovices Visitor Beacon,Njorovices,35.9,-56.3,28.6,Unknown,,,,,
441,NLTT 21088 Visitor Beacon,NLTT 21088,71.6,-12.5,11.4,Unknown,,,,,
442,NLTT 46621 Visitor Beacon,NLTT 46621,-43.8,4.8,20.3,Unknown,,,,,
443,NLTT 6667 Visitor Beacon ,NLTT 6667,-49.8,-55.3,-33.4,Unknown,,,,,
444,Nortes Visitor Beacon,Nortes,69.5,54.5,-157.1,Unknown,,,,,
445,Nu-1 Columbae Visitor Beacon,Nu-1 Columbae,90,-70.3,-58.7,Unknown,,,,,
446,Obambivas Visitor Beacon,Obambivas,-59.9,56.8,7.4,Unknown,,,,,
447,Oppidavasti Visitor Beacon,Oppidavasti,151.8,48,-183.6,Unknown,Online,1,Orbit,106,
448,Pachanwen Visitor Beacon,Pachanwen,28.1,-46.9,-13.7,Unknown,Online already completed,,,,
449,Pangluya Visitor Beacon,Pangluya,27.2,-16.6,41.2,Unknown,Online,6,Orbit,1984,
450,Phekda Visitor Beacon,Phekda,-25.1,-30.3,73.3,Unknown,,,,,
451,Phracani Visitor Beacon ,Phracani,112.5,-19.8,-116,Unknown,,,,,
452,Pictavul Visitor Beacon,Pictavul,71.8,102.8,-171.3,Unknown,,,,,
453,Popontia Visitor Beacon,Popontia,9.1,-57.1,-50.2,Unknown,,,,,
454,Procyon Visitor Beacon,Procyon,6.2,-9.2,2.7,Unknown,,,,,
455,Punuri Visitor Beacon ,Punuri,-97.8,51.8,-49.7,Unknown,,,,,
456,Qetesh Visitor Beacon,Qetesh,125.1,47.2,-161.8,Unknown,,,,,
457,Quince Visitor Beacon ,Quince,57.4,333,341.4,Unknown,,,,,
458,Rhea Visitor Beacon,Rhea,58.1,-28.6,22.6,Unknown,,,,,
459,Ross 151 Visitor Beacon ,Ross 151,-89,94.2,9.9,Unknown,,,,,
460,Ross 467 Visitor Beacon ,Ross 467,44.5,42,66.2,Unknown,,,,,
461,Sali'naman Visitor Beacon,Sali'naman,-68.6,20.3,-64.7,Unknown,,,,318,
462,Sesuyar Visitor Beacon,Sesuyar,-42.9,23.6,-31.7,Unknown,,,,,
463,Shanhauls Visitor Beacon,Shanhauls,83.5,94.6,-24.1,Unknown,,,,,
464,Siksikas Visitor Beacon,Siksikas,105.1,-14,-140.8,Unknown,,,,,
465,Smethells 173 Visitor Beacon,Smethells 173,44.5,31,-121,Unknown,Added,2,Orbit,83,
466,Sotuki Visitor Beacon,Sotuki,10.7,-81.2,43.1,Unknown,,,,,
467,STKM 1-1341 Visitor Beacon,STKM 1-1341,-23.1,81.6,51.8,Unknown,,,,,
468,Sugrivic Visitor Beacon ,Sugrivik,27.6,19.6,-61.1,Unknown,,,,,
469,Synteini Visitor Beacon,Synteini,51.8,28.7,-76.4,Unknown,,,,,
470,Tauni Visitor Beacon ,Tauni,-65.2,-110.6,-9.9,Unknown,,,,,
471,Tchernobog Visitor Beacon,Tchernobog,82,22,1.2,Unknown,Online,7,Orbit,1728,
473,Thraskias Visitor Beacon,Thraskias,46.7,-1.7,46.7,Unknown,,,,,
474,Tocorii Visitor Beacon,Tocorii,45.5,46.8,-177.4,Unknown,,,,,
475,Tpheirset Visitor Beacon,Tpheirset,-37.5,97.6,67.5,Unknown,,,,,
476,Tphen Slata Visitor Beacon,Tphen Slata,77.6,-63.3,44.5,Unknown,,,,,
477,Tsu Visitor Beacon,Tsu,-8.4,22.3,99.2,Unknown,,,,,
478,Tujing Visitor Beacon,Tujing,147.1,21.1,-164.8,Unknown,,,,,
479,Tupa Visitor Beacon,Tupa,-63.6,0.1,-10,Unknown,,,,,
480,Upsilon Phoenicis Visitor Beacon,Upsilon Phoenicis,47.2,16.2,-191.5,Unknown,,,,436,
481,V492 Lyrae Visitor Beacon,V492 Lyrae,-41,15.1,14.8,Unknown,,,,,
482,V711 Tauri Visitor Beacon,V711 Tauri,6.9,-75.3,-65.6,Unknown,,,,,
483,Vamm Visitor Beacon,Vamm,52.7,23.7,78.3,Unknown,,,,,
484,Velnambang Visitor Beacon,Velnambang,101.8,52,-167.3,Unknown,,,,,
485,Velnambe Visitor Beacon ,Velnambe,105.8,97.5,-151.3,Unknown,,,,,
486,Vish Visitor Beacon,Vish,134.4,-16.4,-136.3,Unknown,,,,,
487,Vishtha Visitor Beacon,Vishtha,-36,124.6,25,Unknown,,,,,
488,Vistaenis Visitor Beacon ,Vistaenis,102.5,28.7,-104.8,Unknown,,,,,
489,VVO 19 Visitor Beacon,VVO 19,-42,46.2,-46.2,Unknown,,,,,
490,Wabayo Visitor Beacon,Wabayo,123.5,43.3,-88.2,Unknown,,,,,
491,Wat Yu Visitor Beacon,Wat Yu,-27.1,36.4,6.2,Unknown,,,,,
492,Wolf 1438 Visitor Beacon,Wolf 1438,21.2,-2.4,88.9,Unknown,,,,,
493,Wolf 497 Visitor Beacon Center,Wolf 497,0.1,12,41.5,Unknown,,,,,
494,Wulgaedia Visitor Beacon,Wulgaedia,-115.7,-2.7,55.3,Unknown,,,,,
495,Xbalamana Visitor Beacon,Xbalamana,47.3,39.7,-217.5,Unknown,,,,,
496,Xuanebuth Visitor Beacon,Xuanebuth,114.6,-21.4,-112.1,Unknown,,,,,
497,Yaque Visitor Beacon,Yaque,131.1,78.9,-136.7,Unknown,,,,450,
498,Zenus Visitor Beacon,Zenus,-70.4,-11.5,-97.2,Unknown,,,,,
499,Zvoruna Visitor Beacon,Zvoruna,129.1,25.2,22.3,Unknown,,,,,
500,Octavia Quinton's Derelict Asteroid Base,Suijin,-15.2,56,-79.3,Unknown,,,,,
501,Children of Raxxla Staging Post,Eafots BP-I D9-35,-5233.8,-5334.6,117.8,Unknown,,,,,
502,Slough Orbital - The Cheese Wheel Bar,Vesper-M4,-3.7,57,-22.5,Unknown,Online already completed,Slough,Orbit,,
503,Battle of Chione,Prism,-24.5,52,-104,Unknown,,,,,
504,Remains of Imbrium City,Brohman,142,49.9,-25.9,Unknown,,,,,
505,Battle of Villist,Brohman,142,49.9,-25.9,Unknown,,,,,
506,Rohini,Nyeajaae FO-T C6-9,-3374.8,6912.6,-47.8,Unknown,Updated,AB1,Orbit,496,
507,Freeholm Victory,Artemis,14.3,-24.9,-63.2,Unknown,,,,,
508,Secret Base,Soontill,249.7,120,-45.3,Unknown,,,,,
509,Ringed Sapphire,38 Lyncis,11,-87.5,88.4,Unknown,Online,5,Orbit,3789,
510,Gandharvi,Stuelou LT-F D12-1754,-6703.5,14108,-158,Unknown,Online,BC2,Orbit,15824,
511,Kashyapa,Eoch Flyuae HA-W B32-41,-8392,17555.1,-701,Unknown,Online,1,Orbit,61,
512,Voyager,Sol,0,0,0,Unknown,,,,2069476,
513,Treaty of Cartoi,Cartoi,156,29.7,-110.8,Unknown,Online,ABC3,Orbit,2337,
515,Amazing Sky,Froarsts MY-R e4-75,-7721.7,15241,625.1,Unknown,Online,6,Surface,3978,
519,Storm Cloud,Firdaus,63,35.6,-89.6,Unknown,Online,Borealis,Orbit,7324,
520,Driver's Paradise,HR 4062,-89.9,-67.4,70.3,Unknown,Online,3,Surface,253,
521,The Colosseum,Yalura,12.4,78.8,-63.5,Unknown,Online,1,Surface,55,
523,The Great Annihilator,TrA X-1,8912.4,10742.4,-1080.7,Unknown,Online,A,Orbit,,
524,Aquatic Safari,Aapelinja,17.1,-7.1,139.8,Unknown,,,,119,
525,Discover Discovery,Exphiay,283.8,-38.9,-128.3,Unknown,,,,,
527,Nebula Sight,IC 289 Sector DL-Y D17,-1117.6,-1275.4,77.8,Unknown,,,,86,
528,Cerberus,Pyramio GO-K c24-8,993.5,6399.8,-374.8,Unknown,New v3,,,,
529,Cupid's Arrow,S171 34,-2426.8,-1323.7,295,Unknown,,,,500,
530,Movement of Four,Struve's Lost Sector NN-T c3-1,13.5,-388,-173.2,Unknown,,,,541,
531,The Holy Twins,Blua Hypue QI-Z D1-4516,-4223.1,11942.1,-95.3,Unknown,Online,2,Orbit,2360,
533,Double Blue Mountain,HD 1740,417.2,371,-1066.2,Unknown,,,,1203,
535,Huge Ring,Greae Phio DL-Y E9,1509.7,15809.5,-1090.6,Unknown,Online,12,Orbit,4024,
537,For The Mug!,Alpha Centauri,3,3.2,-0.1,Unknown,,,,6784032,
539,Paired Moons,Guanangu,99.3,38,-130.2,Unknown,Online already completed,,,,
540,My Clementine,Bloder,26.4,63.6,-75.2,Unknown,,,,,
541,Sol's True North Star,Wregoe TV-L C24-0,-0.5,-0.8,1214.8,Unknown,Online,WREGOE TV-L C24-0 A BELT CLUSTER 3,Orbit,4,
542,Hottest Terraformed World,Osira,-92.7,86,100.5,Unknown,,,,1143,
543,BD+65 210 7 A Ice Geysers,BD+65 210,-56.5,-46.7,5.6,Unknown,,7A,Surface,1001,
544,G 203-47 6 A Ice Geyser,G 203-47,-18.3,7.1,14.25,Unknown,Added Online,6A,Surface,1607,
545,Buzhang Ku 5 A Ice Geysers,Buzhang Ku,44,-45.9,-52.4,Unknown,,5A,Surface,,
546,Buzhang Ku 4 A Ice Geysers,Buzhang Ku,44,-45.9,-52.4,Unknown,,4A,Surface,,
547,Beta Hydri 7 C Gas Vents,Beta Hydri,15.3,10.6,-15.7,Unknown,,7C,Surface,,
548,Fortuna AB 1 A Ice Geyser,Fortuna,-17.3,-54.5,15.9,Unknown,Online,AB1A,Surface,5985,
549,Fortuna AB 1 B Ice Geyser,Fortuna,-17.3,-54.5,15.9,Unknown,Online,AB1B,Surface,5985,
550,Guttors ABC 2 A Ice Geyser,Guttors,37.3,-20.3,-154.3,Unknown,Online,ABC2A,Surface,2428,
551,G 123-16 7 B Ice Geyser,G 123-16,-9.3,-17.8,79,Unknown,Online,7B,Surface,1027,
553,HIP 41181 A 1 A Lava Spouts,HIP 41181,-8.2,-105.1,74.8,Unknown,Online,A1A,Surface,1024,
554,HIP 111755 A 2 Gas Vents,HIP 111755,10.3,70.2,-117.9,Unknown,Updated,A2,Surface,11,
555,Dassareti 3 B Ice Geyser,Dassareti,-106.8,-1.6,22.4,Unknown,Online,3B,Surface,1534,
556,G 203-47 6 B Ice Geyser,G 203-47,-18.3,7.1,14.25,Unknown,Online,6B,Surface,1602,
558,Gliese 3299 c 3 B Ice Geyser,Gliese 3299,-34.5,-116.1,-10.9,Unknown,was wrong,C3B,Surface,,
559,G 123-16 7 C Ice Geyser,G 123-16,-9.3,-17.8,79,Unknown,Online,7C,Surface,1028,
560,Banki A 3 A Ice Geysers,Banki,49.5,-91.7,15.8,Unknown,Added Online,A3A,Surface,1750,
561,Buzhang Ku 3 A Ice Geysers,Buzhang Ku,44,-45.9,-52.4,Unknown,,3A,Surface,,
562,G 203-47 9 A Ice Geyser,G 203-47,-18.3,7.1,14.25,Unknown,Online,9A,Surface,2318,
563,Ch'eng 6 C Ice Geyser,Ch'eng,95.4,74.7,-161.5,Unknown,Updated,6C,Surface,3659,
565,Cofan 5 B Ice Geyser,Cofan,-33.7,144.2,19.3,Unknown,,5B,Surface,,
566,HIP 111755 A 1 Rock Fumarole,HIP 111755,10.3,70.2,-117.9,Unknown,Added,A1,Surface,11,
567,Ch'eng 6 B Ice Geyser,Ch'eng,95.4,74.7,-161.5,Unknown,Added,6B,Surface,3659,
568,CD-58 4207 6 A Ice Lava,CD-58 4207,117.4,54.1,6.5,Unknown,Online,6A,Surface,2627,
569,CD-58 4207 6 A Ice Fumarole,CD-58 4207,117.4,54.1,6.5,Unknown,Added Online,6A,Surface,2627,
570,Actaea Ice Fumarole,Sol,0,0,0,Unknown,,Actaea,Surface,,
571,Europa Ice Geyser,Sol,0,0,0,Unknown,,Europa,Surface,,
572,He Qiong 6 A Ice Geyser,He Qiong,112.5,-41,-16.3,Unknown,,6A,Surface,,
573,Buzhang Ku 3 B Ice Geysers,Buzhang Ku,44,-45.9,-52.4,Unknown,,3B,Surface,,
574,Banki A 3 B Ice Geysers,Banki,49.5,-91.7,15.8,Unknown,Online,A3B,Surface,1750,
575,CD-58 4207 6 B Gas Vents,CD-58 4207,117.4,54.1,6.5,Unknown,Added Online,6B,Surface,2627,
576,HIP 35755 7 A Lava Spouts,HIP 35755,5.6,-113.8,46,Unknown,,7A,Surface,,
577,HIP 35755 6 C Ice Fumarole,HIP 35755,5.6,-113.8,46,Unknown,,6C,Surface,,
578,Beditjari A 4 C Ice Geysers,Beditjari,-6.5,104.3,-60.9,Unknown,Added Online,A4C,Surface,881,
579,Beditjari A 4 B Ice Geysers,Beditjari,-6.5,104.3,-60.9,Unknown,Added Online,A4B,Surface,881,
580,Boston's Wreck Gas Vents,Exioce,78.5,16.8,-100.2,Unknown,,Boston's Wreck,Surface,294,
581,Boston's Wreck Lava Spouts,Exioce,78.5,16.8,-100.2,Unknown,,Boston's Wreck,Surface,294,
582,HIP 42455 B 2 A Ice Geyser,HIP 42455,127.9,-28.3,7.3,Unknown,,B2A,Surface,,
583,Exioce 4 A A Rock Fumarole,Exioce,78.5,16.8,-100.2,Unknown,Online,4AA,Surface,1629,
584,BD+74 526 B 3 A Ice Geysers,BD+74 526,-48.7,-29.3,53.3,Unknown,Added Online,B3A,Surface,65698,
585,BD+74 526 B 3 C Ice Geysers,BD+74 526,-48.7,-29.3,53.3,Unknown,,B3C,Surface,65698,
586,Nortes 2 C Rock Fumarole,Nortes,69.5,54.5,-157.1,Unknown,New v3,,,,
587,Tujing 7 F Ice Geysers,Tujing,147.1,21.1,-164.8,Unknown,Online,7F,Surface,1213,
588,Jardonnere 6 B Ice Geysers,Jardonnere,133.9,106.8,59.8,Unknown,Added,6B,Surface,870,
590,Juipedun A 1 Rock Fumarole,Juipedun,-90.3,-61.4,39.8,Unknown,Online already completed,,,,
591,Vamm B 2 A Ice Geysers,Vamm,52.7,23.7,78.3,Unknown,Updated,B2A,Surface,24316,
592,LHS 2405 B 7 A Ice Geysers,LHS 2405,-45.9,-36.3,45.6,Unknown,Updated,B7A,Surface,684,
593,Tujing 8 A Ice Geysers,Tujing,147.1,21.1,-164.8,Unknown,Online,8A,Surface,1685,
594,Vamm B 3 A Ice Geysers,Vamm,52.7,23.7,78.3,Unknown,Updated,B3A,Surface,21306,
595,Upsilon Phoenicis 1 Lava Spouts,Upsilon Phoenicis,47.2,16.2,-191.5,Unknown,Online,1,Surface,342,
596,Malina AB 5 A Ice Geysers,Malina,-48.2,14.4,23,Unknown,Online,AB5A,Surface,1254,
597,Tphen Slata C 7 A Ice Geysers,Tphen Slata,77.6,-63.3,44.5,Unknown,Added Online,C7A,Surface,395876,
598,Malina AB 5 B Ice Geysers,Malina,-48.2,14.4,23,Unknown,Added Online,AB5B,Surface,1256,
599,LTT 13904 B 1 A Gas Vents,LTT 13904,-23.4,0.5,102.7,Unknown,Online,B1A,Surface,1739,
600,LTT 13904 B 1 A Rock Fumarole,LTT 13904,-23.4,0.5,102.7,Unknown,Online,B1A,Surface,1739,
601,Tphen Slata C 8 A Ice Geysers,Tphen Slata,77.6,-63.3,44.5,Unknown,Online,C8A,Surface,393865,
602,Tujing 2 A Gas Vents,Tujing,147.1,21.1,-164.8,Unknown,Added Online,2A,Surface,75,
604,Marki 8 A Ice Geysers,Marki,81.5,44.3,-84.9,Unknown,Online,8A,Surface,520,
605,LHS 278 7 A Ice Geysers,LHS 278,-5.9,-29.9,38.7,Unknown,New v3,,,,
606,Ngere AB 1 B Ice Geysers,Ngere,100.8,-44.8,-121.8,Unknown,Online,AB1B,Surface,3653,
607,Achenar 2 Rock Fumarole,Achenar,67.5,24.8,-119.5,Unknown,,2,Surface,,
608,Tphen Slata C 7 E Ice Geysers,Tphen Slata,77.6,-63.3,44.5,Unknown,Added Online,C7E,Surface,395873,
609,Tocorii 9 C Ice Geysers,Tocorii,45.5,46.8,-177.4,Unknown,Online,9C,Surface,1211,
610,LP 499-54 7 E Ice Geysers,LP 499-54,2,32.9,68.3,Unknown,Online,7E,Surface,974,
611,Nortes 2 D Lava Spouts,Nortes,69.5,54.5,-157.1,Unknown,New v3,,,,
612,Ngere AB 1 A Ice Geysers,Ngere,100.8,-44.8,-121.8,Unknown,Online,AB1A,Surface,3653,Cool planet.
613,LP 102-320 1 Rock Fumarole,LP 102-320,-60.6,3.2,35.1,Unknown,,1,Surface,10,
616,Tocorii 9 A Ice Geysers,Tocorii,45.5,46.8,-177.4,Unknown,Online,9A,Surface,1210,
617,Meenates 4 A Ice Geysers,Meenates,-78.7,-23.4,53.6,Unknown,,4A,Surface,1144,
618,Tphen Slata C 9 A Ice Geysers,Tphen Slata,77.6,-63.3,44.5,Unknown,Added Online,C9A,Surface,393864,
619,Jardonnere 6 E A Ice Geysers,Jardonnere,133.9,106.8,59.8,Unknown,Updated,6EA,Surface,875,
620,All For Germanium,Vonrictofen's Rescue,-888,64987.2,-16.5,Unknown,,,,,
621,The Mighty,KYLOALKS DL-Y G17,-11779.4,21971.1,-391.2,Unknown,,,,,
623,Nearby Neutron Star,18 Camelopardalis,-57.9,-122.6,32,Unknown,,,,,
625,On Top of the Galaxy,NYUENA RO-Z D184,29.5,25900.3,1830.9,Unknown,,,,,
628,Ringed Gem,HIP 57822,198,58.6,155.1,Unknown,,,,,
631,Triple Nebulae,Running Man Sector CQ-Y d16,598.7,-1086.2,-421,Unknown,,,,,
635,Ancient Ruins,Synuefe XR-H d11-102,357.3,-74.8,-49.4,Unknown,,,,,
636,Mic Turner Bark Mounds,California Sector BA-A E6,-319.8,-913.5,-216.8,Unknown,,,,,
638,Radioactive Green,Col 285 Sector VU-M c8-1,138.4,-22.7,264.7,Unknown,,,,,
639,Hole in the Sky,DRYUAE AOSCS IR-W E1-3926,-8639.7,18484.6,229.2,Unknown,,,,,
641,Misty Moat of Mrogg,Adenets,-40.1,-35.6,66,Unknown,,,,,
642,Dance of Cerberus,JUENOE EG-Y G1913,-8931.2,26846.5,-838.7,Unknown,,,,,
646,Canonn Crater,Pleiades Sector JC-U B3-2,-73.6,-359.7,-135.8,Unknown,,,,,
649,Leesti is Free,Leesti,72.8,68.3,48.8,Unknown,,,,,
664,Pleiades Sector HC-U b3-0 Bark Mound Site,Pleiades Sector HC-U b3-0,-107.5,-362.4,-140.5,Unknown,,,,,
667,Prisoner Convoy Destroyed,Daibo,166,101.3,-169.3,Unknown,,,,,
668,Construction Convoy Assembled,Zearla,26.2,31.6,-52.9,Unknown,,,,,
669,Anarchist Organisation Closed Starport,Elli,60.2,-6,-1,Unknown,,,,,
670,Patreus' Flagship Attacked,Eotienses,49.5,6.3,-104,Unknown,,,,,
671,Pleiades Resource Enterprise Victorious,Maia,-81.8,-343.4,-149.4,Unknown,,,,,
672,Kahina Loren Found Guilty,Prism,-24.5,52,-104,Unknown,,,,,
673,Patreus Rails Against London Treaty,Achenar,67.5,24.8,-119.5,Unknown,,,,,
674,Kahina Loren Stripped of her Rank,Prism,-24.5,52,-104,Unknown,,,,,
675,Alliance Outpost in the California Nebula,California Sector BA-A e6,-319.8,-913.5,-216.8,Unknown,,,,,
676,Curious Transmission Partially Decoded,Tionisla,82.3,68.2,48.8,Unknown,,,,,
677,Imperial Expansion,Pleiades Sector AB-W B2-4,-137.6,-380.4,-118.3,Unknown,,,,,
678,Chairman of Metadrive Inc. Passes Away,Chi Orionis,4.3,-27.9,-1.1,Unknown,,,,,
679,Halsey Shares Her Vision,Sol,0,0,0,Unknown,,,,,
680,Imperial Operation Succeeds,Mu Koji,124.7,62.5,-24.7,Unknown,,,,,
682,"Out Of Reach, Not Out Of Mind",Merope,-78.6,-340.5,-149.6,Unknown,,,,,
683,Commander Salom‚ Hijacked In Cemiess,Cemiess,66.1,27.1,-105.3,Unknown,,,,,
685,Federation Takes Pleiades Sector IH-V C2-16,Pleiades Sector IH-V C2-16,-92,-341.3,-143.5,Unknown,,,,,
686,Repairs Concluded,Colonia,-9530.5,19808.1,-910.3,Unknown,,,,,
687,Boosting the Federal Fleet,Gooheimar,-16.2,-17.1,-36.3,Unknown,,,,,
688,Federal Military Expansion,HIP 17225,-86.2,-356.8,-165.6,Unknown,,,,,
689,A Majestic Development,Carthage,100.3,7.3,-102.1,Unknown,,,,,
691,Memorial to the Highliner Antares Unveiled,Luyten 205-128,7.6,16.7,-4.9,Unknown,,,,,
692,Project Endurance,Dijkstra,103.8,73.4,57.5,Unknown,,,,,
693,Crab Nebula Expedition,Epsilon Indi,3.1,7.1,-8.9,Unknown,,,,,
694,Canonn Institute Opens its Doors,Col 285 Sector IX-T D3-43,-174.8,-92.8,73.4,Unknown,,,,,
695,Alliance Outpost Established,HIP 19072,-54.3,-323.1,-121,Unknown,,,,,
696,Treasure Hunt Comes to an End,Algol,-45.8,-77.4,-23.1,Unknown,,,,,
698,Former Federal President Found,Azaleach,-81.3,-121.5,60.8,Unknown,,,,,
699,Denton Patreus Receives Promotion,Achenar,67.5,24.9,-119.5,Unknown,,,,,
705,The Rosy Dwarf,i Bootis,-22.4,4,34.8,Unknown,,,,,
